,0,1,0,1
0,안녕하세요,NNP,안녕,NNG
1,해피밍입니다,NA,하,XSV
2,저,MM,세요,EP+EF
3,7월,NNP,해피,NNG
4,에,JKB,밍,NNG
5,이어,MAG,입니다,VCP+EF
6,2,SN,저,MM
7,주,NNB,7,SN
8,전,NNG,월,NNBC
9,에,JKB,에,JKB
10,또,MAJ,이,VV
11,양양,NNP,어,EC
12,서핑,NNP,2,SN
13,을,JKO,주,NNBC
14,다녀오,VV,전,NNG
15,았,EP,에,JKB
16,어요,EC,또,MAG
17,:,SP,양양,NNP
18,),SS,서핑,NNG
19,양양,NNP,을,JKO
20,서핑,NNP,다녀왔,VV+EP
21,이,JKS,어요,EF
22,너무,MAG,:,SC
23,재밌,VA,),SSC
24,었,EP,양양,NNP
25,던,ETM,서핑,NNG
26,기억,NNG,이,JKS
27,때문,NNB,너무,MAG
28,에,JKB,재밌,VA
29,또,MAJ,었,EP
30,서핑,NNP,던,ETM
31,강습,NNG,기억,NNG
32,을,JKO,때문,NNB
33,받,VV,에,JKB
34,으러,EC,또,MAG
35,양양,NNP,서핑,NNG
36,에,JKB,강습,NNG
37,가,VV,을,JKO
38,았었,EP,받,VV
39,던,ETM,으러,EC
40,건,NNB,양양,NNP
41,데,NNB,에,JKB
42,",",SP,갔었,VV+EP
43,인구,NNP,던,ETM
44,해변,NNP,건데,NNB+VCP+EC
45,쪽,NNB,",",SC
46,에,JKB,인구,NNG
47,는,JX,해변,NNG
48,사람,NNG,쪽,NNB
49,이,JKS,에,JKB
50,많,VA,는,JX
51,아서,EC,사람,NNG
52,이번,NNG,이,JKS
53,에,JKB,많,VA
54,ㄴ,JX,아서,EC
55,동산,NNP,이번,NNG
56,해수욕장,NNP,엔,JKB+JX
57,쪽,NNB,동산,NNG
58,에,JKB,해수욕장,NNG
59,숙소,NNG,쪽,NNB
60,를,JKO,에,JKB
61,잡,VV,숙소,NNG
62,았,EP,를,JKO
63,답니다,EC,잡,VV
64,이번,NNG,았,EP
65,에,JKB,답니다,EC
66,방문,NNG,이번,NNG
67,하,XSV,에,JKB
68,게,EC,방문,NNG
69,되,VV,하,XSV
70,ㄴ,ETM,게,EC
71,곳,NNG,된,VV+ETM
72,은,JX,곳,NNG
73,힐,NNP,은,JX
74,비치,NNP,힐,NNP
75,서,NNP,비치,NNP
76,프리,NNP,서프,NNP
77,조,NNP,리조트,NNG
78,트,VV,라는,VCP+ETM
79,라는,ETM,곳,NNB
80,곳,NNG,인데,VCP+EC
81,이,VCP,",",SC
82,ㄴ데,EC,서핑,NNG
83,",",SP,강습,NNG
84,서핑,NNP,+,SY
85,강습,NNG,서핑,NNG
86,+,SW,렌탈,NNP
87,서핑,NNP,+,SY
88,레,NNP,숙박,NNG
89,ㄴ,JX,까지,JX
90,타,VV,한,MM
91,ㄹ,ETM,번,NNBC
92,+,SW,에,JKB
93,숙박,NNP,해결,NNG
94,까지,JX,할,XSV+ETM
95,한,MM,수,NNB
96,번,NNB,있,VV
97,에,JKB,는,ETM
98,해결,NNG,서핑,NNG
99,하,XSV,리조트,NNG
100,ㄹ,ETM,예요,VCP+EF
101,수,NNB,지난,VV+ETM
102,있,VV,양양,NNP
103,는,ETM,서핑,NNG
104,서핑,NNP,포스팅,NNP
105,리조트,NNP,에,JKB
106,예,NNG,도,JX
107,요,JX,언급,NNG
108,지나,VV,했,XSV+EP
109,ㄴ,ETM,지만,EC
110,양양,NNP,",",SC
111,서핑,NNP,서핑,NNG
112,포,NNG,올,MM
113,스팅,NNP,때,NNG
114,에,JKB,는,JX
115,도,JX,이렇게,MAG
116,언급,NNG,패키지,NNG
117,하,XSV,로,JKB
118,았,EP,모든,MM
119,지만,EC,것,NNB
120,",",SP,을,JKO
121,서핑,NNP,제공,NNG
122,올,MM,해,XSV+EC
123,때,NNG,주,VX
124,는,JX,는,ETM
125,이렇,VA,서핑,NNG
126,게,EC,리조트,NNG
127,패키지,NNP,가,JKS
128,로,JKB,좋,VA
129,모든,MM,아요,EF
130,것,NNB,힐,NNP
131,을,JKO,비치,NNP
132,제공,NNG,서프,NNP
133,하,XSV,리조트,NNG
134,아,EC,강원도,NNP
135,주,VX,양양군,NNP
136,는,ETM,현남면,NNP
137,서핑,NNP,동산리,NNP
138,리조트,NNP,203,SN
139,가,JKS,-,SY
140,좋,VA,19,SN
141,아요,EC,힐,NNG
142,힐,NNP,비치,NNG
143,비치,NNP,서프,NNP
144,서,NNP,리조트,NNG
145,프리,NNP,는,JX
146,조,NNP,이렇게,MAG
147,트,VV,동산,NNG
148,강원도,NNP,해수욕장,NNG
149,양양군,NNP,바로,MAG
150,현남면,NNP,앞,NNG
151,동산리,NNP,에,JKB
152,203,SN,위치,NNG
153,-,SW,하,XSV
154,19,SN,고,EC
155,힐,NNP,있,VX
156,비치,NNP,어요,EF
157,서,NNP,바다,NNG
158,프리,NNP,랑,JKB
159,조,NNP,조금,MAG
160,트,VV,만,JX
161,는,ETM,떨어진,VV+ETM
162,이렇,VA,숙소,NNG
163,게,EC,를,JKO
164,동산,NNP,가,VV
165,해수욕장,NNP,도,EC
166,바로,MAG,보통,NNG
167,앞,NNG,서핑,NNG
168,에,JKB,보드,NNP
169,위치,NNG,를,JKO
170,하,XSV,숙소,NNG
171,고,EC,부터,JX
172,있,VV,들,VV
173,어요,EC,고,EC
174,바다,NNG,가,VX
175,랑,JKB,야,EC
176,조금,NNG,하,VV
177,만,JX,는,ETM
178,떨어지,VV,불편,NNG
179,ㄴ,ETM,함,XSV+ETN
180,숙소,NNG,이,JKS
181,를,JKO,있,VV
182,가도,NNP,는데,EC
183,보통,MAG,",",SC
184,서핑,NNP,이곳,NP
185,보드,NNP,은,JX
186,를,JKO,바로,MAG
187,숙소,NNG,바다,NNG
188,부터,JX,앞,NNG
189,들,VV,에,JKB
190,고,EC,위치,NNG
191,가,VX,해서,XSV+EC
192,아야,EC,좋,VA
193,하,VV,았,EP
194,는,ETM,어요,EF
195,불편,NNG,게다가,MAG
196,하,XSV,동산,NNG
197,ㅁ,ETN,해수욕장,NNG
198,이,JKS,을,JKO
199,있,VV,독점,NNG
200,는데,EC,하,XSV
201,",",SP,고,EC
202,이곳,NP,있,VX
203,은,JX,어서,EC
204,바로,MAG,서핑,NNG
205,바다,NNG,강습,NNG
206,앞,NNG,받,VV
207,에,JKB,을,ETM
208,위치,NNG,때,NNG
209,하,XSV,도,JX
210,아서,EC,딱,MAG
211,좋,VA,저희,NP
212,았,EP,숙소,NNG
213,어요,EC,에서,JKB
214,게다가,MAG,예약,NNG
215,동산,NNP,한,XSA+ETM
216,해수욕장,NNP,사람,NNG
217,을,JKO,들,XSN
218,독점,NNG,밖에,JX
219,하,XSV,없,VA
220,고,EC,더라고요,EC
221,있,VV,개인,NNG
222,어서,EC,적,XSN
223,서핑,NNP,으로,JKB
224,강습,NNG,즐기,VV
225,받,VV,며,EC
226,을,ETM,놀,VV
227,때,NNG,기,ETN
228,도,JX,에,JKB
229,딱,MAG,는,JX
230,저희,NP,서피,NNG
231,숙소,NNG,비치,NNG
232,에서,JKB,",",SC
233,예약,NNG,인구,NNG
234,하,XSV,해변,NNG
235,ㄴ,ETM,이,JKS
236,사람,NNG,좋,VA
237,들,XSN,고,EC
238,밖에,JX,사람,NNG
239,없,VA,없,VA
240,더라고요,EC,는,ETM
241,개인,NNG,데,NNB
242,적,XSN,서,JKB
243,으로,JKB,서핑,NNG
244,즐기,VV,을,JKO
245,며,EC,재밌,VA
246,놀,VV,고,EC
247,기,ETN,안전,NNG
248,에,JKB,하,XSV
249,는,JX,게,EC
250,서,NNP,하,VV
251,피,NNG,고,EC
252,비치,NNP,싶,VX
253,",",SP,다,EC
254,인구,NNP,하,VV
255,해변,NNP,면,EC
256,이,JKS,동산,NNG
257,좋,VA,해변,NNG
258,고,EC,이,JKS
259,사람,NNG,훨씬,MAG
260,없,VA,좋,VA
261,는데서,EC,은,ETM
262,서핑,NNP,것,NNB
263,을,JKO,같,VA
264,재밌,VA,아요,EF
265,고,EC,더군다나,MAJ
266,안전,NNG,힐,NNP
267,하,XSV,비치,NNP
268,게,EC,서프,NNP
269,하,VV,리조트,NNG
270,고,EC,에,JKB
271,싶,VX,는,JX
272,다,EC,마스코트,NNG
273,하,VV,인,VCP+ETM
274,면,EC,토르,NNG
275,동산,NNP,가,JKS
276,해변,NNP,있,VA
277,이,JKS,어요,EF
278,훨씬,MAG,:,SC
279,좋,VA,),SSC
280,은,ETM,토르,NNG
281,것,NNB,가,JKS
282,같,VA,너무,MAG
283,아요,EC,귀여워서,VA+EC
284,더군다나,MAG,이곳,NP
285,힐,NNP,을,JKO
286,비치,NNP,지나,VV
287,서,NNP,는,ETM
288,프리,NNP,사람,NNG
289,조,NNP,마다,JX
290,트,VV,멈춰서,VV+EC+VCP
291,에,EC,서,EC
292,는,JX,토르,NNG
293,마스코트,NNP,의,JKG
294,이,VCP,관심,NNG
295,ㄴ,ETM,을,JKO
296,토르,NNP,끌,VV
297,가,JKS,기,ETN
298,있,VV,위해,VV+EC
299,어요,EC,노력,NNG
300,:,SP,하,XSV
301,),SS,더라고요,EC
302,토르,NNP,8,SN
303,가,JKS,월,NNBC
304,너무,MAG,둘째,NR
305,귀엽,VA,주,NNBC
306,어서,EC,주말,NNG
307,이곳,NP,에,JKB
308,을,JKO,간,VV+ETM
309,지나,VV,거,NNB
310,는,ETM,라,VCP+EC
311,사람,NNG,동서,NNG
312,마다,JX,울,JKO
313,멈추,VV,터미널,NNG
314,어서,EC,부터,JX
315,서,JKB,양양,NNP
316,토르,NNP,터미널,NNG
317,의,JKG,까지,JX
318,관심,NNG,자그마치,MAG
319,을,JKO,4,SN
320,끌,VV,시간,NNBC
321,기,ETN,반,NNG
322,위하,VV,이,JKS
323,아,EC,걸렸,VV+EP
324,노력,NNG,어요,EF
325,하,XSV,지난,VV+ETM
326,더라고요,EC,번,NNBC
327,8월,NNP,에,JKB
328,둘째,NR,왔,VV+EP
329,주 주,NNP,을,ETM
330,말,NNG,때,NNG
331,에,JKB,는,JX
332,간,NNB,2,SN
333,거,NNB,시간,NNG
334,이,VCP,밖에,JX
335,라,EC,안,MAG
336,동서울터미널,NNP,걸리,VV
337,부터,JX,길래,EC
338,양양,NNP,밀려도,VV+EC
339,터미널,NNP,3,SN
340,까지,JX,시간,NNBC
341,자그마치,MAG,쯤,XSN
342,4,SN,걸릴,VV+ETM
343,시간,NNP,줄,NNB
344,반,NNG,알,VV
345,이,JKS,고,EC
346,걸리,VV,도착,NNG
347,었,EP,하,XSV
348,어요,EC,자마자,EC
349,지나,VV,서핑,NNG
350,ㄴ,ETM,수업,NNG
351,번,NNB,을,JKO
352,에,JKB,받,VV
353,오,VX,는,ETM
354,았,EP,일정,NNG
355,을,ETM,으로,JKB
356,때,NNG,예약,NNG
357,는,JX,을,JKO
358,2,SN,했,VV+EP
359,시간,NNP,거든요,EF
360,밖에,JX,근데,MAJ
361,안,MAG,생각,NNG
362,걸리,VV,보다,JKB
363,길래,EC,시간,NNG
364,밀리,VV,이,JKS
365,어도,EC,너무,MAG
366,3,SN,오버,NNG
367,시간,NNP,돼서,XSV+EC
368,쯤,NNB,결국,NNG
369,걸리,VV,수업,NNG
370,ㄹ,ETM,시간,NNG
371,주,VX,까지,JX
372,ㄹ,ETM,도착,NNG
373,알,VV,하,XSV
374,고,EC,질,EC+JX
375,도착,NNG,못했,VX+EP
376,하,XSV,어요,EF
377,자마자,EC,다행히,MAG
378,서핑,NNP,도,JX
379,수업,NNG,사장,NNG
380,을,JKO,님,XSN
381,받,VV,께서,JKS
382,는,ETM,너그럽,VA
383,일정,NNG,게,EC
384,으로,JKB,이해,NNG
385,예약,NNG,해,XSV+EC
386,을,JKO,주,VX
387,하,VV,시,EP
388,았,EP,고,EC
389,거든요,EC,다음,NNG
390,근데,MAJ,날,NNG
391,생각,NNG,아침,NNG
392,보다,JKB,수업,NNG
393,시간,NNG,을,JKO
394,이,JKS,듣,VV
395,너무,MAG,게,EC
396,오버,NNG,해,VV+EC
397,되,XSV,주,VX
398,어서,EC,셨,EP+EP
399,결국,MAG,답니다,EF
400,수업,NNG,힐,NNP
401,시간,NNG,비치,NNP
402,까지,JX,서프,NNP
403,도착,NNG,리조트,NNG
404,하,XSV,의,JKG
405,지,EC,1,SN
406,ㄹ,JKO,층,NNG
407,못하,VX,공간,NNG
408,았,EP,인데,VCP+EC
409,어요,EC,",",SC
410,다행히,MAG,누구,NP
411,도,JX,나,JX
412,사장,NNG,이곳,NP
413,님,XSN,을,JKO
414,께서,JKS,자유,NNG
415,너그럽,VA,롭,XSA
416,게,EC,게,EC
417,이해,NNG,사용,NNG
418,해주시,NNP,할,XSV+ETM
419,이,VCP,수,NNB
420,고,EC,있,VV
421,다음날,NNG,어요,EF
422,아침,NNG,주방,NNG
423,수업,NNG,도,JX
424,을,JKO,마련,NNG
425,듣,VV,이,JKS
426,게,EC,되,VV
427,하,VV,어,EC
428,아,EC,있,VX
429,주,VX,는데,EC
430,시,EP,",",SC
431,었,EP,모,MM
432,답니다,EC,회사,NNG
433,힐비치서프리조트의,NA,의,JKG
434,1,SN,서핑,NNG
435,층,XSN,동호회,NNG
436,공간,NNG,분,NNB
437,이,VCP,들,XSN
438,ㄴ데,EC,은,JX
439,",",SP,저녁,NNG
440,누구,NP,에,JKB
441,나,JX,주방,NNG
442,이곳,NP,도,JX
443,을,JKO,이용,NNG
444,자유,NNG,하,XSV
445,롭,XSA,시,EP
446,게,EC,고,EC
447,사용,NNG,고기,NNG
448,하,XSV,사,VV+EC
449,ㄹ,ETM,와서,VV+EC
450,수,NNB,바베큐,NNG
451,있,VV,도,JX
452,어요,EC,해,VV+EC
453,주방,NNP,드,VX
454,도,JX,시,EP
455,마련,NNG,더라고요,EC
456,이,JKS,숙소,NNG
457,되,VV,에서,JKB
458,어,EC,바베큐,NNG
459,있,VV,구울,VV+ETM
460,는데,EC,수,NNB
461,",",SP,있,VV
462,모,MM,는,ETM
463,회사,NNG,도구,NNG
464,의,JKG,를,JKO
465,서핑,NNP,대여,NNG
466,동호회,NNP,해,XSV+EC
467,분,NNB,주,VX
468,들,XSN,는,ETM
469,은,JX,듯,NNB
470,저녁,NNG,했,VV+EP
471,에,JKB,습니다,EF
472,주방,NNP,여러모로,MAG
473,도,JX,숙박,NNG
474,이용,NNG,객,NNG
475,하,XSV,편의,NNG
476,시,EP,를,JKO
477,고,EC,많이,MAG
478,고기,NNP,봐,VV+EC
479,사와,NNP,주,VX
480,서,JKB,는,ETM
481,바,NNB,것,NNB
482,베,NNG,같,VA
483,큐,NNG,았,EP
484,도,JX,어요,EF
485,하,VV,저,NP
486,아,EC,는,JX
487,들,VV,도미,NNG
488,시,EP,토리,NNG
489,더라고요,EC,204,SN
490,숙소,NNG,호,NNBC
491,에서,JKB,를,JKO
492,바,NNB,배정,NNG
493,베,NNG,받,VV
494,큐,NNG,았,EP
495,굽,VV,어요,EF
496,ㄹ,ETM,:,SC
497,수,NNB,),SSC
498,있,VV,방,NNG
499,는,ETM,안,NNG
500,도구,NNG,에,JKB
501,를,JKO,도,JX
502,대여,NNG,화장실,NNG
503,하,XSV,이,JKS
504,아,EC,있,VV
505,주,VX,는데,EC
506,는,ETM,방,NNG
507,듯,NNB,밖,NNG
508,하,VV,에,JKB
509,았,EP,도,JX
510,습니다,EC,화장실,NNG
511,여러모로,MAG,이,JKS
512,숙박,NNP,별도,NNG
513,객,NNG,로,JKB
514,편의,NNG,있,VV
515,를,JKO,어서,EC
516,많이,MAG,편했,VA+EP
517,보아주,VV,어요,EF
518,는,ETM,도미,NNP
519,것,NNB,토리,NNP
520,같,VA,베드,NNG
521,았,EP,인데,VCP+EC
522,어요,EC,",",SC
523,저,NP,침구,NNG
524,는,JX,에서,JKB
525,도미,NNP,냄새,NNG
526,토리,NNP,도,JX
527,204,SN,안,MAG
528,호,NNB,나,VV
529,를,JKO,고,EC
530,배정,NNG,깔끔,XR
531,받,VV,해서,XSA+EC
532,았,EP,밤,NNG
533,어요,EC,에,JKB
534,:,SP,푹,MAG
535,),SS,잘,VV+ETM
536,방,NNG,수,NNB
537,안,NNG,있,VV
538,에,JKB,었,EP
539,도,JX,어요,EF
540,화장실,NNG,8,SN
541,이,JKS,월,NNBC
542,있,VV,둘째,NR
543,는데,EC,주,NNBC
544,방,NNG,는,JX
545,밖,NNG,정말,MAG
546,에,JKB,무더웠,VA+EP
547,도,JX,는데,EC
548,화장실,NNG,방,NNG
549,이,JKS,마다,JX
550,별도,NNG,벽걸이,NNG
551,로,JKB,에어컨,NNG
552,있,VV,을,JKO
553,어서,EC,자유,NNG
554,편하,VA,롭,XSA
555,았,EP,게,EC
556,어요,EC,켤,VV+ETM
557,도미,NNP,수,NNB
558,토리,NNP,있,VV
559,베드,NNP,어서,EC
560,이,VCP,다행,NNG
561,ㄴ데,EC,이,VCP
562,",",SP,었,EP
563,침구,NNP,어요,EF
564,에서,JKB,베드,NNG
565,냄새,NNG,넘버,NNG
566,도,JX,랑,JKB
567,안나,NNP,맞춰서,VV+EC
568,이,VCP,이용,NNG
569,고,EC,할,XSV+ETM
570,깔끔,XR,수,NNB
571,하,XSA,있,VV
572,아서,EC,는,ETM
573,밤,NNG,개인,NNG
574,에,JKB,사물함,NNG
575,푹,MAG,도,JX
576,잘,MAG,있,VA
577,수,NNB,어요,EF
578,있,VX,저,NP
579,었,EP,는,JX
580,어요,EC,이곳,NP
581,8월,NNP,에,JKB
582,둘째,NR,지갑,NNG
583,주,NNB,이랑,JC
584,는,JX,카메라,NNG
585,정말,MAG,를,JKO
586,무,XPN,넣,VV
587,덥,VA,어,EC
588,었,EP,놨었,VX+EP
589,는데,EC,어요,EF
590,방,NNG,도미,NNG
591,마다,JX,토리,NNG
592,벽걸이,NNG,지만,VCP+EC
593,에어컨,NNP,방안,NNG
594,을,JKO,에,JKB
595,자유,NNG,샤워실,MAG
596,롭,XSA,겸,NNB
597,게,EC,화장실,NNG
598,켜,VV,이,JKS
599,ㄹ,ETM,있,VV
600,수,NNB,어서,EC
601,있,VV,불편,NNG
602,어서,EC,하,XSV
603,다행,NNG,지,EC
604,이,VCP,않,VX
605,었,EP,게,EC
606,어요,EC,지낼,VV+ETM
607,베드,NNP,수,NNB
608,넘버,NNP,있,VV
609,랑,JKB,었,EP
610,맞추,VV,던,ETM
611,어서,EC,것,NNB
612,이용,NNG,같,VA
613,하,XSV,아요,EF
614,ㄹ,ETM,혹시나,MAG
615,수,NNB,화장실,NNG
616,있,VV,에,JKB
617,는,ETM,누군가,NP+VCP+EC
618,개인,NNG,있,VX
619,사물함,NNP,다면,EC
620,도,JX,숙소,NNG
621,있,VV,1,SN
622,어요,EC,층,NNG
623,저,NP,에,JKB
624,는,JX,있,VV
625,이곳,NP,는,ETM
626,에,JKB,화장실,NNG
627,지갑,NNP,을,JKO
628,이랑,NNP,써도,VV+EC
629,카메라,NNG,되,VV
630,를,JKO,기,ETN
631,넣,VV,때문,NNB
632,어,EC,에,JKB
633,놓,VX,부담,NNG
634,았었,EP,이,JKS
635,어요,EC,없,VA
636,도미,NNP,었,EP
637,토리,NNP,답니다,EF
638,지만,NNP,그리고,MAJ
639,방안,NNG,방안,NNG
640,에,JKB,에,JKB
641,샤워실,NNG,아무,NP
642,겸,NNB,도,JX
643,화장실,NNG,없,VA
644,이,JKS,을,ETM
645,있,VV,때,NNG
646,어서,EC,는,JX
647,불편,NNG,1,SN
648,하,XSV,층,NNG
649,지,EC,로비,NNG
650,않,VX,에,JKB
651,게,EC,키,NNG
652,지내,VV,를,JKO
653,ㄹ,ETM,반납,NNG
654,수,NNB,하,XSV
655,있,VX,는,ETM
656,었,EP,방식,NNG
657,던,ETM,이,VCP
658,것,NNB,라,EC
659,같,VA,키,NNG
660,아요,EC,를,JKO
661,혹시나,MAG,따로,MAG
662,화장실,NNG,안,MAG
663,에,JKB,들,VV
664,누,NNP,고,EC
665,군가,NNP,다녀도,VV+EC
666,있,VV,돼서,VV+EC
667,다면,EC,좋,VA
668,숙소,NNG,았,EP
669,1,SN,어요,EF
670,층,XSN,숙소,NNG
671,에,JKB,에,JKB
672,있,VV,거의,MAG
673,는,ETM,4,SN
674,화장실,NNG,시,NNBC
675,을,JKO,가,JKC
676,쓰,VV,넘,VV
677,어도,EC,어,EC
678,되,VV,도착,NNG
679,기,ETN,한,XSA+ETM
680,때문,NNB,터,NNB
681,에,JKB,라,VCP+EC
682,부담,NNG,숙소,NNG
683,이,JKS,에서,JKB
684,없,VA,잠깐,MAG
685,었,EP,쉬,VV
686,답니다,EC,고,EC
687,그리고,MAJ,나,VX
688,방안,NNG,니까,EC
689,에,JKB,금방,MAG
690,아무도,NNP,날,NNG
691,없,VA,이,JKS
692,을,ETM,어둑어둑,MAG
693,때,NNG,해졌,XSA+EC+VX+EP
694,는,JX,어요,EF
695,1,SN,사실,MAG
696,층,XSN,제대로,MAG
697,로비,NNG,만,JX
698,에,JKB,도착,NNG
699,키,NNG,했,XSV+EP
700,를,JKO,다면,EC
701,반납,NNG,3,SN
702,하,XSV,시,NNBC
703,는,ETM,에,JKB
704,방식,NNG,서핑,NNG
705,이,VCP,강습,NNG
706,라,EC,받,VV
707,키,NNG,고,EC
708,를,JKO,푹,MAG
709,따로,MAG,쉬,VV
710,안,MAG,다가,EC
711,들,VV,밤,NNG
712,고,EC,에,JKB
713,다니,VV,해변가,NNG
714,어도,EC,서,JKB
715,되,VV,잠깐,MAG
716,어서,EC,놀,VV
717,좋,VA,고,EC
718,았,EP,들어올,VV+ETM
719,어요,EC,예정,NNG
720,숙소,NNG,이,VCP
721,에,JKB,었,EP
722,거의,MAG,는데,EC
723,4,SN,",",SC
724,시가,NNP,강습,NNG
725,넘,VV,에,JKB
726,어,EC,늦,VA
727,도착,NNG,어,EC
728,하,XSV,버려서,VX+EC
729,ㄴ,ETM,저녁,NNG
730,터,NNB,에,JKB
731,이,VCP,뭘,NP+JKO
732,라,EC,해야,VV+EC
733,숙소,NNG,할지,VX+EC
734,에서,JKB,모르,VV
735,잠깐,MAG,겠,EP
736,쉬,VV,더라고요,EC
737,고,EC,이러,XR
738,나,VX,한,XSA+ETM
739,니까,EC,저희,NP
740,금방,MAG,얘기,NNG
741,날,NNG,를,JKO
742,이,JKS,듣,VV
743,어둑어둑,MAG,고,EC
744,하,XSV,사장,NNG
745,아,EC,님,XSN
746,지,VX,께서,JKS
747,었,EP,감사,NNG
748,어요,EC,하,XSV
749,사실,NNG,게,EC
750,제대로,MAG,도,JX
751,만,JX,저녁,NNG
752,도착,NNG,을,JKO
753,하,XSV,같이,MAG
754,았,EP,먹,VV
755,다면,EC,자고,EC
756,3,SN,제안,NNG
757,시,NNB,해,XSV+EC
758,에,JKB,주,VX
759,서핑,NNP,셨,EP+EP
760,강습,NNG,어요,EF
761,받,VV,원래,MAG
762,고,EC,힐,NNP
763,푹,MAG,비치,NNP
764,쉬,VV,서프,NNP
765,다가,EC,리조트,NNG
766,밤,NNG,는,JX
767,에,JKB,저녁,NNG
768,해변,NNG,을,JKO
769,가,VV,제공,NNG
770,아서,EC,하,XSV
771,잠깐,MAG,거나,EC
772,놀,VV,파티,NNG
773,고,EC,를,JKO
774,들어오,VV,여,VV
775,ㄹ,ETM,는,ETM
776,예정,NNG,숙소,NNG
777,이,VCP,가,JKC
778,었,EP,아닌데,VCN+EC
779,는데,EC,도,JX
780,",",SP,저희,NP
781,강습,NNG,를,JKO
782,에,JKB,챙겨,VV+EC
783,늦,VA,주,VX
784,어,EC,신,EP+ETM
785,버리,VX,거,NNB
786,어서,EC,죠,VCP+EF
787,저녁,NNG,서핑,NNG
788,에,JKB,을,JKO
789,뭘,IC,즐기,VV
790,하,VV,시,EP
791,아야,EC,는,ETM
792,하,VX,서퍼,NNP
793,ㄹ지,EC,분,XSN
794,모르,VV,들,XSN
795,겠,EP,은,JX
796,더라고요,EC,보통,NNG
797,이러,XR,양양,NNG
798,하,XSA,을,JKO
799,ㄴ,ETM,매주,MAG
800,저희,NP,오,VV
801,얘기,NNG,시,EP
802,를,JKO,는데,EC
803,듣,VV,",",SC
804,고,EC,그렇,VA
805,사장,NNG,기,ETN
806,님,XSN,때문,NNB
807,께서,JKS,에,JKB
808,감사,NNG,양양,NNP
809,하,XSV,의,JKG
810,게,EC,서핑,NNG
811,도,JX,리조트,NNG
812,저녁,NNG,들,XSN
813,을,JKO,은,JX
814,같이,MAG,대부분,NNG
815,먹,VV,사장,NNG
816,자고,EC,님,XSN
817,제안,NNG,과,JC
818,하,XSV,숙박,NNG
819,아,EC,객,NNG
820,주,VX,여럿,NNG
821,시,EP,이,JKS
822,었,EP,모여,VV+EC
823,어요,EC,소모임,NNG
824,원래,NNG,이,JKS
825,힐,NNP,형성,NNG
826,비치,NNP,되,XSV
827,서,NNP,어,EC
828,프리,NNP,있,VX
829,조,NNP,는,ETM
830,트,VV,듯,NNB
831,는,ETM,했,VV+EP
832,저녁,NNG,어요,EF
833,을,JKO,힐,NNP
834,제공,NNG,비치,NNP
835,하,XSV,서프,NNP
836,거나,EC,리조트,NNG
837,파티,NNG,에,JKB
838,를,JKO,도,JX
839,열,VV,주기,NNG
840,는,ETM,적,XSN
841,숙소,NNG,으로,JKB
842,가,JKS,서핑,NNG
843,아니,VCN,하,XSV
844,ㄴ데,EC,러,EC
845,도,JX,오,VV
846,저희,NP,는,ETM
847,를,JKO,서퍼,NNP
848,챙기,VV,분,XSN
849,어,EC,들,XSN
850,주,VX,이,JKS
851,시,EP,계셨,VV+EP
852,ㄴ,ETM,는데,EC
853,거,NNB,",",SC
854,죠,EC,양양,NNP
855,서핑,NNP,에,JKB
856,을,JKO,식당,NNG
857,즐기,VV,이,JKS
858,시,EP,마땅,XR
859,는,ETM,치,XSA+EC
860,서,VV,않,VX
861,어,EC,다,EC
862,퍼붓,VV,보,VX
863,ㄴ들,EC,니,EC
864,은,JX,그분,NP
865,보통,MAG,들,XSN
866,양양,NNP,끼리,XSN
867,을,JKO,식사,NNG
868,매주,MAG,를,JKO
869,오,VX,만들,VV
870,시,EP,어서,EC
871,는데,EC,드,VX
872,",",SP,시,EP
873,그렇,VA,더라고요,EC
874,기,ETN,감사,NNG
875,때문,NNB,하,XSV
876,에,JKB,게,EC
877,양양,NNP,도,JX
878,의,JKG,그,MM
879,서핑,NNP,식사,NNG
880,리조트,NNP,자리,NNG
881,들,XSN,에,JKB
882,은,JX,저희,NP
883,대부분,NNG,를,JKO
884,사장,NNG,초대,NNG
885,님,XSN,해,XSV+EC
886,과,JC,주,VX
887,숙박,NNP,신,EP+ETM
888,객,NNG,거,NNB
889,여럿,NNG,예요,VCP+EF
890,이,JKS,이날,NNG
891,모이,VV,의,JKG
892,어,EC,저녁,NNG
893,소,XPN,메뉴,NNG
894,모임,NNP,는,JX
895,이,JKS,밀푀유,NNP
896,형성,NNG,나베,NNG
897,되,XSV,와,JC
898,어,EC,모츠,NNP
899,있,VV,나베,NNG
900,는,ETM,:,SC
901,듯,NNB,),SSC
902,하,VV,햄버거,NNP
903,았,EP,",",SC
904,어요,EC,핫도그,NNG
905,힐,NNP,로,JKB
906,비치,NNP,보통,NNG
907,서,NNP,끼니,NNG
908,프리,NNP,를,JKO
909,조,NNP,간단히,MAG
910,트,VV,해결,NNG
911,에,EC,하,XSV
912,도,JX,는,ETM
913,주기,NNG,양양,NNG
914,적,XSN,에서,JKB
915,으로,JKB,이런,MM
916,서핑,NNG,맛있,VA
917,하,XSV,는,ETM
918,러,EC,음식,NNG
919,오,VV,을,JKO
920,는,ETM,먹,VV
921,서,VV,게,EC
922,어,EC,될,VV+ETM
923,퍼붓,VV,줄,NNB
924,ㄴ,ETM,이,VCP
925,들,XSN,야,EF
926,이,JKS,.,SF
927,계시,VV,..,SY
928,었,EP,요리,NNG
929,는데,EC,를,JKO
930,",",SP,잘,MAG
931,양양,NNP,하,VV
932,에,JKB,시,EP
933,식당,NNG,는,ETM
934,이,JKS,서퍼,NNP
935,마땅,XR,분,NNB
936,하,XSA,이,JKS
937,지,EC,계셔서,VV+EC
938,않,VX,나베,NNG
939,다,EC,에,JKB
940,보,VX,곁들여,VV+EC
941,니,EC,먹,VV
942,그분,NP,을,ETM
943,들,XSN,소스,NNG
944,끼리,XSN,도,JX
945,식사,NNG,무려,MAG
946,를,JKO,4,SN
947,만들,VV,가지,NNBC
948,어서,EC,나,JX
949,들,VV,준비,NNG
950,시,EP,해,XSV+EC
951,더라고요,EC,주,VX
952,감사,NNG,셨,EP+EP
953,하,XSV,어요,EF
954,게,EC,밀푀유,NNP
955,도,JX,나베,NNG
956,그,MM,랑,JC
957,식사,NNG,모츠,NNP
958,자리,NNG,나베,NNG
959,에,JKB,둘,NR
960,저희,NP,다,MAG
961,를,JKO,식당,NNG
962,초대,NNP,에서,JKB
963,해주,NNP,파,VV
964,신,NNP,는,ETM
965,거,NNB,것,NNB
966,예,NNG,처럼,JKB
967,요,JX,맛있,VA
968,이날,NNG,어서,EC
969,의,JKG,엄청,MAG
970,저녁,NNG,만족,NNG
971,메뉴,NNP,스럽,XSA
972,는,JX,게,EC
973,밀푀유,NNP,먹,VV
974,나,NNP,었,EP
975,베,NNG,어요,EF
976,와,JC,감사,NNG
977,모츠나베,NA,한,XSA+ETM
978,:,SP,마음,NNG
979,),SS,에,JKB
980,햄버거,NNP,설거지,NNG
981,",",SP,라도,VCP+EC
982,핫도그,NNP,했,VX+EP
983,로,JKB,어야,EC
984,보통,MAG,했,VX+EP
985,끼니,NNG,는데,EC
986,를,JKO,설거지,NNG
987,간단히,MAG,당번,NNG
988,해결,NNG,을,JKO
989,하,XSV,뽑,VV
990,는,ETM,는,ETM
991,양양,NNP,게임,NNG
992,에서,JKB,에서,JKB
993,이런,MM,이겨서,VV+EC
994,맛있,VA,설거지,NNG
995,는,ETM,도,JX
996,음식,NNG,면제,NNG
997,을,JKO,가,JKS
998,먹,VV,된,VV+ETM
999,게,EC,거,NNB
1000,되,VV,있,VA
1001,ㄹ,ETM,죠,EF
1002,줄이,VV,(,SSO
1003,야,EC,),SSC
1004,...,SE,사장,NNG
1005,요리,NNG,님,XSN
1006,를,JKO,이,JKS
1007,잘,MAG,유쾌,NNG
1008,하,XSV,하,XSV
1009,시,EP,셔서,EP+EC
1010,는,ETM,그런지,VA+EC
1011,서,VV,힐,NNP
1012,어,EC,비치,NNP
1013,퍼붓,VV,서프,NNP
1014,ㄴ,ETM,리조트,NNG
1015,이,NNP,에,JKB
1016,계시,VV,자주,MAG
1017,어서,EC,오,VV
1018,나,NP,시,EP
1019,베,NNG,는,ETM
1020,에,JKB,서퍼,NNP
1021,곁들이,VV,분,XSN
1022,어,EC,들,XSN
1023,먹,VX,도,JX
1024,을,ETM,다,MAG
1025,소스,NNP,친절,NNG
1026,도,JX,하,XSV
1027,무려,MAG,고,EC
1028,4,SN,재밌,VA
1029,가지,NNB,으셨어요,EP+EP+EF
1030,나,JX,너무,MAG
1031,준비,NNG,감사,NNG
1032,하,XSV,한,XSA+ETM
1033,아,EC,마음,NNG
1034,주,VX,에,JKB
1035,시,EP,다음,NNG
1036,었,EP,날,NNG
1037,어요,EC,저희,NP
1038,밀푀유,NNP,가,JKS
1039,나,NNP,간식거리,NNG
1040,베,NNG,라도,VCP+EC
1041,랑,JKB,사,VV
1042,모츠나베,NA,다,EC
1043,둘,NR,드리,VX
1044,다,MAG,려고,EC
1045,식당,NNG,했,VX+EP
1046,에서,JKB,는데,EC
1047,팔,VV,거절,NNG
1048,는,ETM,하,XSV
1049,것,NNB,시,EP
1050,처럼,JKB,더라고요,EF
1051,맛있,VA,저희,NP
1052,어서,EC,가,JKS
1053,엄청,MAG,식사,NNG
1054,만족,NNG,하,XSV
1055,스럽,XSA,는,ETM
1056,게,EC,와중,NNG
1057,먹,VV,에,JKB
1058,었,EP,도,JX
1059,어요,EC,토르,NNG
1060,감사,NNG,는,JX
1061,하,XSV,옆,NNG
1062,ㄴ,ETM,에서,JKB
1063,마음,NNG,이렇게,MAG
1064,에,JKB,얌전히,MAG
1065,설거지,NNG,있,VV
1066,이,VCP,더라고요,EC
1067,라도,EC,정말,MAG
1068,하,VV,너무,MAG
1069,았,EP,귀여웠,VA+EP
1070,어야,EC,어요,EF
1071,하,VV,저녁,NNG
1072,았,EP,식사,NNG
1073,는데,EC,를,JKO
1074,설거지,NNG,마치,VV
1075,당번,NNG,고,EC
1076,을,JKO,올려다,VV+EC
1077,뽑,VV,본,VX+ETM
1078,는,ETM,해지,NNG
1079,게임,NNG,는,JX
1080,에서,JKB,예쁜,VA+ETM
1081,이기,VV,하늘,NNG
1082,어서,EC,:,SC
1083,설거지,NNG,D,SL
1084,도,JX,이,MM
1085,면제,NNP,장면,NNG
1086,가,JKS,을,JKO
1087,되,VV,기록,NNG
1088,ㄴ,ETM,해,XSV+EC
1089,거,NNB,두,VX
1090,있,VX,고,EC
1091,죠,EC,싶,VX
1092,(,SS,다는,ETM
1093,),SS,생각,NNG
1094,사장,NNG,이,JKS
1095,님,XSN,들,VV
1096,이,JKS,어서,EC
1097,유쾌,XR,같이,MAG
1098,하,XSA,간,VV+ETM
1099,시,EP,언니,NNG
1100,어서,EC,의,JKG
1101,그런지,NNP,아이폰,NNP
1102,힐,NNP,으로,JKB
1103,비치,NNP,타임,NNG
1104,서,NNP,랩스,NNP
1105,프리,NNP,를,JKO
1106,조,NNP,찍,VV
1107,트,VV,어,EC
1108,에,EC,두,VX
1109,자주,MAG,고,EC
1110,오시,NNP,해변,NNG
1111,는,JX,을,JKO
1112,서,VV,산책,NNG
1113,어,EC,했,XSV+EP
1114,퍼붓,VV,어요,EF
1115,ㄴ들,EC,골든아워,NNG
1116,도,JX,에,JKB
1117,다,MAG,찍,VV
1118,친절,NNG,은,ETM
1119,하,XSV,동산,NNG
1120,고,EC,해수욕장,NNG
1121,재밌,VA,은,JX
1122,으시,EP,그림,NNG
1123,었,EP,같이,JKB
1124,어요,EC,예뻤,VA+EP
1125,너무,MAG,어요,EF
1126,감사,NNG,:,SC
1127,하,XSV,),SSC
1128,ㄴ,ETM,다른,MM
1129,마음,NNG,숙박,NNG
1130,에,JKB,객,NNG
1131,다음날,NNG,분,XSN
1132,저희,NP,들,XSN
1133,가,JKS,과,JC
1134,간식,NNP,이런,MM
1135,것,NNB,저런,MM
1136,리라,NNP,얘기,NNG
1137,도,JX,를,JKO
1138,사,VV,나누,VV
1139,다,EC,다가,EC
1140,드리,VX,",",SC
1141,려고,EC,언니,NNG
1142,하,VV,와,JC
1143,았,EP,인구,NNG
1144,는데,EC,해변,NNG
1145,거절,NNG,쪽,NNB
1146,하,XSV,으로,JKB
1147,시,EP,자리,NNG
1148,더라고요,EC,를,JKO
1149,저희,NP,옮겨서,VV+EC
1150,가,JKS,놀,VV
1151,식사,NNG,았,EP
1152,하,XSV,어요,EF
1153,는,ETM,이날,NNG
1154,와중,NNG,동산,NNG
1155,에,JKB,해수욕장,NNG
1156,도,JX,에,JKB
1157,토르,NNP,행사,NNG
1158,는,JX,가,JKS
1159,옆,NNG,있,VA
1160,에서,JKB,어서,EC
1161,이렇,VA,분위기,NNG
1162,게,EC,가,JKS
1163,얌전히,MAG,핫,NNG
1164,있,VV,했,XSV+EP
1165,더라고요,EC,어요,EF
1166,정말,MAG,젊음,NNG
1167,너무,MAG,을,JKO
1168,귀엽,VA,만끽,NNG
1169,었,EP,하,XSV
1170,어요,EC,고,EC
1171,저녁,NNG,싶,VX
1172,식사,NNG,으신,EP+ETM
1173,를,JKO,분,NNB
1174,마치,VV,들,XSN
1175,고,EC,은,JX
1176,올리,VV,양양,NNP
1177,어다,EC,으로,JKB
1178,보,VV,오,VV
1179,ㄴ,ETM,시,EP
1180,해지,NNP,면,EC
1181,는,JX,돼요,VV+EF
1182,예쁘,VA,우연히,MAG
1183,ㄴ,ETM,어떤,MM
1184,하늘,NNG,펍,UNKNOWN
1185,:,SP,을,JKO
1186,D,SL,지나,VV
1187,이,MM,게,EC
1188,장면,NNG,됐,VV+EP
1189,을,JKO,는데,EC
1190,기록,NNG,거기,NP
1191,하,XSV,서,JKB
1192,아,EC,는,JX
1193,두,VX,버블,NNG
1194,고,EC,파티,NNG
1195,싶,VX,도,JX
1196,다는,ETM,하,VV
1197,생각,NNG,더라고요,EC
1198,이,JKS,스페인,NNP
1199,들,VV,의,JKG
1200,어서,EC,이,MM
1201,같이,MAG,비자,NNG
1202,간,NNB,섬,NNG
1203,언니,NNG,인,VCP+ETM
1204,의,JKG,줄,NNB
1205,아이폰,NNP,알,VV
1206,으로,JKB,았,EP
1207,타임랩스를,NA,어요,EF
1208,찍,VV,(,SSO
1209,어,EC,),SSC
1210,두,VX,버블,NNG
1211,고,EC,파티,NNG
1212,해변,NNP,에,JKB
1213,을,JKO,는,JX
1214,산책,NNG,관심,NNG
1215,하,XSV,이,JKS
1216,았,EP,없,VA
1217,어요,EC,어서,EC
1218,골든아워에,NA,언니,NNG
1219,찍,VV,와,JC
1220,은,ETM,맥주,NNG
1221,동산,NNP,한,MM
1222,해수욕장,NNP,캔,NNG
1223,은,JX,으로,JKB
1224,그림,NNG,마무리,NNG
1225,같이,JKB,한,XSA+ETM
1226,예쁘,VA,양양,NNP
1227,었,EP,여행,NNG
1228,어요,EC,의,JKG
1229,:,SP,첫째,NR
1230,),SS,날,NNG
1231,다른,MM,둘,NR
1232,숙박,NNP,이,XSN
1233,객,NNG,서,JKS
1234,분,XSN,바닷가,NNG
1235,들,XSN,에,JKB
1236,과,JC,설치,NNG
1237,이런저런,MM,되,XSV
1238,얘기,NNG,어,EC
1239,를,JKO,있,VX
1240,나누,VV,는,ETM
1241,다가,EC,해먹,NNG
1242,",",SP,도,JX
1243,언니,NNG,한,MM
1244,와,JC,시간,NNG
1245,인구,NNP,동안,NNG
1246,해변,NNP,타,VV
1247,쪽,NNB,고,EC
1248,으로,JKB,",",SC
1249,자리,NNG,흘러나오,VV
1250,를,JKO,는,ETM
1251,옮기,VV,음악,NNG
1252,어서,EC,에,JKB
1253,놀,VV,맞춰,VV+EC
1254,았,EP,춤,NNG
1255,어요,EC,도,JX
1256,이날,NNG,추,VV
1257,동산,NNP,고,EC
1258,해수욕장,NNP,참,MAG
1259,에,JKB,재밌,VA
1260,행사,NNG,게,EC
1261,가,JKS,놀,VV
1262,있,VV,았,EP
1263,어서,EC,어요,EF
1264,분위기,NNG,다음,NNG
1265,가,JKS,날,NNG
1266,핫,NNG,아침,NNG
1267,하,XSV,에,JKB
1268,았,EP,숙소,NNG
1269,어요,EC,1,SN
1270,젊음,NNG,층,NNG
1271,을,JKO,에서,JKB
1272,만끽,NNG,찍,VV
1273,하,XSV,은,ETM
1274,고,EC,동산,NNG
1275,싶,VX,해수욕장,NNG
1276,으시,EP,이,VCP
1277,ㄴ,ETM,에요,EF
1278,분,NNB,힐,NNP
1279,들,XSN,비치,NNP
1280,은,JX,서프,NNP
1281,양양,NNP,리조트,NNG
1282,으로,JKB,는,JX
1283,오,VX,동산,NNG
1284,시,EP,해수욕장,NNG
1285,면,EC,바로,MAG
1286,되,VV,앞,NNG
1287,어요,EC,에,JKB
1288,우연히,MAG,있,VV
1289,어떤,MM,기,ETN
1290,푸,VV,때문,NNB
1291,업,VV,에,JKB
1292,을,ETM,전,MM
1293,지나,VV,객실,NNG
1294,게,EC,이,JKS
1295,되,VV,오션,NNP
1296,었,EP,뷰,NNP
1297,는데,EC,예요,VCP+EF
1298,거기,NP,정말,MAG
1299,서,JKB,저렴,XR
1300,는,JX,한,XSA+ETM
1301,버블,NNP,도미,NNG
1302,파티,NNP,토리,NNG
1303,도,JX,숙소,NNG
1304,하,VV,에서,JKB
1305,더라고요,EC,오션,NNP
1306,스페인,NNP,뷰,NNP
1307,의,JKG,를,JKO
1308,이,MM,볼,VV+ETM
1309,비자,NNP,수,NNB
1310,섬,NNG,있,VV
1311,인줄,NNG,다는,ETM
1312,알,VV,게,NNB+JKS
1313,았,EP,너무,MAG
1314,어요,EC,좋,VA
1315,(,SS,았,EP
1316,),SS,어요,EF
1317,버블,NNP,맑,VA
1318,파티,NNP,게,EC
1319,에,JKB,갠,VV+ETM
1320,는,JX,하늘,NNG
1321,관심,NNG,:,SC
1322,이,JKS,),SSC
1323,없,VA,다행히,MAG
1324,어서,EC,이날,NNG
1325,언니,NNG,의,JKG
1326,와,JC,파도,NNG
1327,맥주,NNP,상태,NNG
1328,한,MM,가,JKS
1329,캔,NNG,괜찮,VA
1330,으로,JKB,아서,EC
1331,마무리,NNG,오전,NNG
1332,하,XSV,10,SN
1333,ㄴ,ETM,시,NNBC
1334,양양,NNP,에,JKB
1335,여행,NNP,서핑,NNG
1336,의,JKG,강습,NNG
1337,첫째,NR,을,JKO
1338,날,NNG,진행할,VV+ETM
1339,둘,NR,수,NNB
1340,이서,NNP,있,VV
1341,바닷가,NNG,었,EP
1342,에,JKB,어요,EF
1343,설치,NNG,동해,NNP
1344,되,XSV,의,JKG
1345,어,EC,날씨,NNG
1346,있,VV,는,JX
1347,는,ETM,변덕,NNG
1348,해먹,NNP,스럽,XSA
1349,도,JX,기,ETN
1350,한,MM,때문,NNB
1351,시간,NNP,에,JKB
1352,동안,NNP,갑자기,MAG
1353,타,VV,해수욕장,NNG
1354,고,EC,입욕,NNG
1355,",",SP,통제,NNG
1356,흘러나오,VV,가,JKS
1357,는,ETM,되,VV
1358,음악,NNG,기,ETN
1359,에,JKB,도,JX
1360,맞추,VV,하,VV
1361,어,EC,고,EC
1362,춤,NNG,풍랑,NNG
1363,도,JX,주의보,NNG
1364,추,VV,가,JKS
1365,고,EC,내려지,VV
1366,참,MAG,기,ETN
1367,재밌,VA,도,JX
1368,게,EC,해요,VV+EF
1369,놀,VV,그러면,MAJ
1370,았,EP,서핑,NNG
1371,어요,EC,도,JX
1372,다음날,NNG,못하,VX
1373,아침,NNG,게,EC
1374,에,JKB,될,VV+ETM
1375,숙소,NNG,가능,NNG
1376,1,SN,성,XSN
1377,층,XSN,이,JKS
1378,에서,JKB,높,VA
1379,찍,VV,기,ETN
1380,은,ETM,때문,NNB
1381,동산,NNP,에,JKB
1382,해수욕장,NNP,",",SC
1383,이,VCP,미리,MAG
1384,에요,EC,파도,NNG
1385,힐,NNP,의,JKG
1386,비치,NNP,상태,NNG
1387,서,NNP,를,JKO
1388,프리,NNP,확인,NNG
1389,조,NNP,하,XSV
1390,트,VV,고,EC
1391,는,ETM,양양,NNG
1392,동산,NNP,을,JKO
1393,해수욕장,NNP,오,VV
1394,바로,MAG,는,ETM
1395,앞,NNG,게,NNB+JKS
1396,에,JKB,좋,VA
1397,있,VV,아요,EF
1398,기,ETN,체형,NNG
1399,때문,NNB,에,JKB
1400,에,JKB,맞,VV
1401,전,NNG,는,ETM
1402,객실,NNG,서핑,NNG
1403,이,JKS,슈트,NNG
1404,오션뷰예요,NA,를,JKO
1405,정말,MAG,받,VV
1406,저렴,XR,고,EC
1407,하,XSA,탈의실,NNG
1408,ㄴ,ETM,에서,JKB
1409,도미,NNP,갈아입,VV
1410,토리,NNP,은,ETM
1411,숙소,NNG,후,NNG
1412,에서,JKB,숙소,NNG
1413,오션뷰를,NA,바로,MAG
1414,보,VV,앞,NNG
1415,ㄹ,ETM,바다,NNG
1416,수,NNB,에서,JKB
1417,있,VV,이론,NNG
1418,다는,ETM,강습,NNG
1419,게,EC,을,JKO
1420,너무,MAG,들,VV
1421,좋,VA,었,EP
1422,았,EP,어요,EF
1423,어요,EC,뙤약볕,NNG
1424,맑,VA,에서,JKB
1425,게,EC,이론,NNG
1426,개,NNB,강습,NNG
1427,ㄴ,JX,을,JKO
1428,하늘,NNG,들으면,VV+EC
1429,:,SP,굉장히,MAG
1430,),SS,고통,NNG
1431,다행히,MAG,스러운데,XSA+EF
1432,이날,NNG,",",SC
1433,의,JKG,힐,NNG
1434,파도,NNP,비치,NNG
1435,상태,NNG,에서,JKB
1436,가,JKS,세워,VV+EC
1437,괜찮,VA,놓,VX
1438,아서,EC,은,ETM
1439,오전,NNP,천막,NNG
1440,10,SN,이,JKS
1441,시,NNB,있,VV
1442,에,JKB,어서,EC
1443,서핑,NNP,그,MM
1444,강습,NNG,아래,NNG
1445,을,JKO,에서,JKB
1446,진행,NNG,수업,NNG
1447,하,XSV,을,JKO
1448,ㄹ,ETM,들으니,VV+EC
1449,수,NNB,쾌적,XR
1450,있,VX,하,XSA
1451,었,EP,고,EC
1452,어요,EC,좋,VA
1453,동해,NNP,았,EP
1454,의,JKG,어요,EF
1455,날씨,NNG,보통,NNG
1456,는,JX,일괄,NNG
1457,변덕,NNG,적,XSN
1458,스럽,XSA,으로,JKB
1459,기,ETN,육지,NNG
1460,때문,NNB,에서,JKB
1461,에,JKB,자세,NNG
1462,갑자기,MAG,를,JKO
1463,해수욕장,NNP,가르친,VV+ETM
1464,입욕,NNG,다음,NNG
1465,통제,NNG,",",SC
1466,가,JKS,한,MM
1467,되,VV,명,NNBC
1468,기,ETN,한,MM
1469,도,JX,명,NNBC
1470,하,VV,바다,NNG
1471,고,EC,에서,JKB
1472,풍랑,NNG,밀어주,VV
1473,주의보,NNG,는,ETM
1474,가,JKS,방식,NNG
1475,내려지,VV,으로,JKB
1476,기,ETN,수업,NNG
1477,도,JX,진행,NNG
1478,하,VV,이,JKS
1479,아요,EC,되,VV
1480,그러면,MAJ,는데,EC
1481,서핑,NNP,선생,NNG
1482,도,JX,님,XSN
1483,못하,VX,께서,JKS
1484,게,EC,개인,NNG
1485,되,VV,별,XSN
1486,ㄹ,ETM,로,JKB
1487,가능,XR,어떤,MM
1488,성,XSN,부분,NNG
1489,이,JKS,이,JKS
1490,높,VA,부족,NNG
1491,기,ETN,한지,XSA+EC
1492,때문,NNB,어떻게,MAG
1493,에,JKB,개선,NNG
1494,",",SP,을,JKO
1495,미리,MAG,해야,VV+EC
1496,파도,NNP,되,VV
1497,의,JKG,는지,EC
1498,상태,NNG,피드백,NNG
1499,를,JKO,을,JKO
1500,확인,NNG,잘,MAG
1501,하,XSV,해,VV+EC
1502,고,EC,주,VX
1503,양양,NNP,셔서,EP+EC
1504,을,JKO,서핑,NNG
1505,오,VV,실력,NNG
1506,는,ETM,이,JKS
1507,게,EC,좀,MAG
1508,좋,VA,업그레이드,NNG
1509,아요,EC,될,VV+ETM
1510,체형,NNG,수,NNB
1511,에,JKB,있,VV
1512,맞,VV,었,EP
1513,는,ETM,어요,EF
1514,서핑,NNP,이때,NNG
1515,슈트,NNP,가,JKS
1516,를,JKO,인생,NNG
1517,받,VV,3,SN
1518,고,EC,번,NNBC
1519,탈의실,NNP,째,XSN
1520,에서,JKB,서핑,NNG
1521,갈아입,VV,이,VCP
1522,은,ETM,었,EP
1523,후,NNG,는데,EC
1524,숙소,NNG,선생,NNG
1525,바로,MAG,님,XSN
1526,앞,NNG,께서,JKS
1527,바다,NNG,잘,MAG
1528,에서,JKB,한다고,VV+EC
1529,이론,NNG,칭찬,NNG
1530,강습,NNG,도,JX
1531,을,JKO,해,VV+EC
1532,들,VV,주,VX
1533,었,EP,셨,EP+EP
1534,어요,EC,어요,EF
1535,뙤약볕,NNG,(,SSO
1536,에서,JKB,신남,NNG
1537,이론,NNG,),SSC
1538,강습,NNG,친절,NNG
1539,을,JKO,하,XSV
1540,들,VV,신,EP+ETM
1541,으면,EC,사장,NNG
1542,굉장히,MAG,님,XSN
1543,고통,NNG,",",SC
1544,스럽,XSA,서핑,NNG
1545,ㄴ데,EC,독점,NNG
1546,",",SP,해변,NNG
1547,힐,NNP,",",SC
1548,비치,NNP,깔끔,XR
1549,에서,JKB,한,XSA+ETM
1550,세우,VV,시설,NNG
1551,어,EC,",",SC
1552,놓,VX,귀여운,VA+ETM
1553,은,ETM,토르,NNG
1554,천막,NNP,까지,JX
1555,이,JKS,모든,MM
1556,있,VV,게,NNB+JKS
1557,어서,EC,다,MAG
1558,그,MM,만족,NNG
1559,아래,NNG,스러웠,XSA+EP
1560,에서,JKB,던,ETM
1561,수업,NNG,숙소,NNG
1562,을,JKO,였,VCP+EP
1563,들,VV,어요,EF
1564,으니,EC,양양,NNP
1565,쾌적,XR,서핑,NNG
1566,하,XSA,숙소,NNG
1567,고,EC,고민,NNG
1568,좋,VA,하,XSV
1569,았,EP,시,EP
1570,어요,EC,는,ETM
1571,보통,MAG,분,NNB
1572,일괄,NNG,들,XSN
1573,적,XSN,께,JKB
1574,으로,JKB,힐,NNP
1575,육지,NNG,비치,NNP
1576,에서,JKB,서프,NNP
1577,자세,NNG,리조트,NNG
1578,를,JKO,추천,NNG
1579,가르치,VV,합니다,XSV+EF
1580,ㄴ,ETM,사이트,NNG
1581,다음,NNG,:,SC
1582,",",SP,www,SL
1583,한,MM,.,SY
1584,명,NNB,healbeachsurf,SL
1585,한,MM,.,SY
1586,명,NNB,com,SL
1587,바다,NNG,인,VCP+ETM
1588,에서,JKB,스타,NNG
1589,밀어주,VV,:,SC
1590,는,ETM,www,SL
1591,방식,NNG,.,SY
1592,으로,JKB,instagram,SL
1593,수업,NNG,.,SY
1594,진행,NNG,com,SL
1595,이,JKS,/,SC
1596,되,VV,p,SL
1597,는데,EC,/,SC
1598,선생님,NNP,ByR,SL
1599,께서,JKS,70,SN
1600,개인,NNG,tmgXRm,SL
1601,별,XSN,,
1602,로,JKB,,
1603,어떤,MM,,
1604,부분,NNG,,
1605,이,JKS,,
1606,부족,NNG,,
1607,하,XSV,,
1608,ㄴ지,EC,,
1609,어떻,VA,,
1610,게,EC,,
1611,개선,NNG,,
1612,을,JKO,,
1613,하,VV,,
1614,아야,EC,,
1615,되,VV,,
1616,는지,EC,,
1617,피드백,NNP,,
1618,을,JKO,,
1619,잘,MAG,,
1620,하,XSV,,
1621,아,EC,,
1622,주,VX,,
1623,시,EP,,
1624,어서,EC,,
1625,서핑,NNP,,
1626,실력,NNG,,
1627,이,JKS,,
1628,좀,MAG,,
1629,업그레이드,NNP,,
1630,되,VV,,
1631,ㄹ,ETM,,
1632,수,NNB,,
1633,있,VX,,
1634,었,EP,,
1635,어요,EC,,
1636,이때,NNG,,
1637,가,JKS,,
1638,인생,NNG,,
1639,3,SN,,
1640,번,NNB,,
1641,째,XSN,,
1642,서핑,NNP,,
1643,이,VCP,,
1644,었,EP,,
1645,는데,EC,,
1646,선생님,NNP,,
1647,께서,JKS,,
1648,잘,MAG,,
1649,하,XSV,,
1650,ㄴ다고,EC,,
1651,칭찬,NNG,,
1652,도,JX,,
1653,하,VV,,
1654,아,EC,,
1655,주,VX,,
1656,시,EP,,
1657,었,EP,,
1658,어요,EC,,
1659,(,SS,,
1660,신,XPN,,
1661,남,NNP,,
1662,),SS,,
1663,친절,NNG,,
1664,하,XSV,,
1665,시,EP,,
1666,ㄴ,ETM,,
1667,사장,NNG,,
1668,님,XSN,,
1669,",",SP,,
1670,서핑,NNP,,
1671,독점,NNP,,
1672,해변,NNP,,
1673,",",SP,,
1674,깔끔,XR,,
1675,하,XSA,,
1676,ㄴ,ETM,,
1677,시설,NNG,,
1678,",",SP,,
1679,귀엽,VA,,
1680,ㄴ,ETM,,
1681,토르,NNP,,
1682,까지,JX,,
1683,모든,MM,,
1684,게,NNG,,
1685,다,MAG,,
1686,만족,NNG,,
1687,스럽,XSA,,
1688,었,EP,,
1689,던,ETM,,
1690,숙소,NNG,,
1691,이,VCP,,
1692,었,EP,,
1693,어요,EC,,
1694,양양,NNP,,
1695,서핑,NNP,,
1696,숙소,NNG,,
1697,고민,NNG,,
1698,하,XSV,,
1699,시,EP,,
1700,는,ETM,,
1701,분,NNB,,
1702,들,XSN,,
1703,께,JKB,,
1704,힐,NNP,,
1705,비치,NNP,,
1706,서,NNP,,
1707,프리,NNP,,
1708,조,NNP,,
1709,트,VV,,
1710,추천,NNG,,
1711,하,XSV,,
1712,ㅂ니다,EC,,
1713,사이트,NNG,,
1714,:,SP,,
1715,www,SL,,
1716,.,SF,,
1717,healbeachsurf,SL,,
1718,.com,NNP,,
1719,인,NNG,,
1720,스타,NNP,,
1721,:,SP,,
1722,www,SL,,
1723,.,SF,,
1724,instagram,SL,,
1725,.com,NNP,,
1726,/,SP,,
1727,p,SL,,
1728,/,SP,,
1729,ByR,SL,,
1730,70,SN,,
1731,tmgXRm,SL,,
