,0,1,0,1,0,1
0,홍,NNP,홍천,NNG,홍천,Noun
1,천,NNP,에서,JKB,에서,Josa
2,에서,JKB,양양,NNP,양양,Noun
3,양양,NNP,으로,JKB,으로,Josa
4,으로,JKB,출발,NNG,출발,Noun
5,출발,NNG,롯데,NNP,롯데,Noun
6,롯데,NNP,리조트,NNG,리조트,Noun
7,리조트,NNP,속초,NNG,속초,Noun
8,속초,NNP,입,NNG,입,Noun
9,입,NNG,실전,NNG,실전,Noun
10,실전,NNG,",",SC,",",Punctuation
11,",",SP,아름다운,VA+ETM,아름다운,Adjective
12,아름답,VA,바다,NNG,바다,Noun
13,ㄴ,ETM,의,JKG,의,Josa
14,바다,NNG,정취,NNG,정취,Noun
15,의,JKG,를,JKO,를,Josa
16,정취,NNG,보,VV,보고,Noun
17,를,JKO,고,EC,잠시,Noun
18,보,VV,잠시,MAG,양양,Noun
19,고,EC,양양,NNP,물치,Verb
20,잠시,MAG,물치,NNG,해수욕장,Noun
21,양양,NNP,해수욕장,NNG,을,Josa
22,물,NNG,을,JKO,들렀다,Verb
23,치,NNB,들렀,VV+EP,.,Punctuation
24,해수욕장,NNP,다,EF,홍천,Noun
25,을,JKO,.,SF,소,Modifier
26,들르,VV,홍천,NNG,노벨,Noun
27,었,EP,소,NNG,비발디,Noun
28,다,EF,노벨,NNP,파크,Noun
29,.,SF,비발디,NNP,체크아웃,Noun
30,홍,NNP,파크,NNG,후,Noun
31,천,NNP,체크아웃,NNG,",",Punctuation
32,소,XPN,후,NNG,홍천,Noun
33,노벨,NNP,",",SC,양양,Noun
34,비발디,NNP,홍천,NNP,에,Josa
35,파크,NNP,양양,NNP,도착,Noun
36,체크아웃,NNP,에,JKB,할,Verb
37,후,NNG,도착,NNG,쯤,Noun
38,",",SP,할,XSV+ETM,",",Punctuation
39,홍,NNP,쯤,NNB,늘,Noun
40,천,NNP,",",SC,보던,Verb
41,양양,NNP,늘,MAG,속초,Noun
42,에,JKB,보,VV,해수욕장,Noun
43,도착,NNG,던,ETM,과는,Josa
44,하,XSV,속초,NNG,다르게,Adjective
45,ㄹ,ETM,해수욕장,NNG,조용하고,Adjective
46,쯤,NNB,과,JKB,바다,Noun
47,",",SP,는,JX,를,Josa
48,늘,MAG,다르,VA,전망,Noun
49,보,VV,게,EC,삼아,Verb
50,던,ETM,조용,XR,걷는,Verb
51,속초,NNP,하,XSA,산책길,Noun
52,해수욕장,NNP,고,EC,이,Josa
53,과,JKB,바다,NNG,예쁠것,Adjective
54,는,JX,를,JKO,같아,Adjective
55,다르,VA,전망,NNG,잠시,Noun
56,게,EC,삼,VV,들리고자,Verb
57,조용,XR,아,EC,차,Noun
58,하,XSA,걷,VV,를,Josa
59,고,EC,는,ETM,세운,Noun
60,바다,NNG,산책,NNG,『,Foreign
61,를,JKO,길,NNG,물치,Verb
62,전망,NNG,이,JKS,해변,Noun
63,삼,VV,예쁠,VA+ETM,/,Punctuation
64,아,EC,것,NNB,물치,Verb
65,걷,VV,같,VA,해수욕장,Noun
66,는,ETM,아,EC,』,Foreign
67,산책,NNP,잠시,MAG,바다,Noun
68,길이,NNP,들리,VV,를,Josa
69,예쁘,VA,고자,EC,보고,Noun
70,ㄹ,ETM,차,NNG,신난,Adjective
71,것,NNB,를,JKO,아이,Noun
72,같,VA,세운,VV+ETM,들,Suffix
73,아,EC,『,SY,은,Josa
74,잠시,MAG,물치,NNG,금새,Noun
75,들리,VV,해변,NNG,라도,Josa
76,고자,EC,/,SC,바다로,Noun
77,차,NNG,물치,NNG,들어갈,Verb
78,를,JKO,해수욕장,NNG,듯,Noun
79,세우,VV,』,SY,흥분,Noun
80,ㄴ,ETM,바다,NNG,상태,Noun
81,『,SS,를,JKO,@@,Punctuation
82,물,NNG,보,VV,추워,Adjective
83,치,NNB,고,EC,얘,Noun
84,해변,NNP,신난,NNP,들,Suffix
85,/,SP,아이,NNG,아,Josa
86,물,NNG,들,XSN,.,Punctuation
87,치,NNB,은,JX,진정해,Adjective
88,해수욕장,NNP,금새,NNG,;;,Punctuation
89,』,SS,라도,VCP+EC,이미,Adverb
90,바다,NNG,바다,NNG,차,Noun
91,를,JKO,로,JKB,에서,Josa
92,보,VV,들어갈,VV+ETM,내리자마자,Verb
93,고,EC,듯,NNB,어디,Noun
94,신나,VV,흥분,NNG,론,Noun
95,ㄴ,ETM,상태,NNG,가,Josa
96,아이들,NNP,@@,SY,없어진,Verb
97,은,JX,추워,VA+EF,아들,Noun
98,금새,MAG,얘,NP,콩알,Noun
99,이,VCP,들,XSN,이,Josa
100,라도,EC,아,JKV,;;,Punctuation
101,바다,NNG,.,SF,갈매기,Noun
102,로,JKB,진정,NNG,를,Josa
103,들어가,VV,해,XSV+EC,따라,Verb
104,ㄹ,ETM,;;,SY,가셨겠지,Verb
105,듯,NNB,이미,MAG,...,Punctuation
106,흥분,NNG,차,NNG,벌써,Noun
107,상태,NNG,에서,JKB,모래,Noun
108,@,SW,내리,VV,를,Josa
109,@,SW,자마자,EC,만지작,Adverb
110,춥,VA,어디,NP,.,Punctuation
111,어,EC,론가,JKB+VCP+EC,만지작,Adverb
112,얘,NP,없,VA,.,Punctuation
113,들,XSN,어,EC,놀아라,Verb
114,아,JKV,진,VX+ETM,놀아,Verb
115,.,SF,아들,NNG,씻으면,Verb
116,진정,XR,콩알,NNG,되지,Verb
117,하,XSA,이,JKS,나,Noun
118,아,EC,;;,SY,는,Josa
119,;,SP,갈매기,NNG,아이,Noun
120,;,SP,를,JKO,들,Suffix
121,이미,MAG,따라,VV+EC,과,Josa
122,차,NNG,가,VX,집,Noun
123,에서,JKB,셨,EP+EP,에서,Josa
124,내리,VV,겠,EP,미술,Noun
125,자마자,EC,지,EF,놀이,Suffix
126,어디,NP,.,SF,를,Josa
127,론,XSN,..,SY,할,Verb
128,가,XSN,벌써,MAG,수,Noun
129,없,VA,모래,NNG,있는,Adjective
130,어,EC,를,JKO,여러,Noun
131,지,VX,만지작,MAG,재료,Noun
132,ㄴ,ETM,.,SF,들,Suffix
133,아들,NNG,만지작,MAG,을,Josa
134,콩알,NNG,.,SF,수집,Noun
135,이,JKS,놀,VV,해,Noun
136,;,SP,아라,EC,봤다,Verb
137,;,SP,놀,VV,.,Punctuation
138,갈매기,NNP,아,EC,특히,Adverb
139,를,JKO,씻,VV,나,Noun
140,따르,VV,으면,EC,이,Determiner
141,아,EC,되,VV,곳,Noun
142,가시,VV,지,EC,에는,Josa
143,었,EP,나,VX,예쁜,Adjective
144,겠,EP,는,ETM,돌,Noun
145,지,EC,아이,NNG,과,Josa
146,...,SE,들,XSN,조개,Noun
147,벌써,MAG,과,JC,껍데기,Noun
148,모래,NNG,집,NNG,가,Josa
149,를,JKO,에서,JKB,많았고,Adjective
150,만지,NNP,미술,NNG,제법,Noun
151,작,NNG,놀이,NNG,많은,Adjective
152,.,SF,를,JKO,양,Noun
153,만지,NNP,할,VV+ETM,을,Josa
154,작,NNG,수,NNB,골라,Verb
155,.,SF,있,VV,왔다,Verb
156,놀,VV,는,ETM,.,Punctuation
157,아라,EC,여러,MM,어쩜,Noun
158,놀,VV,재료,NNG,이리,Adverb
159,아,EC,들,XSN,고울까,Adjective
160,씻,VV,을,JKO,..,Punctuation
161,으면,EC,수집,NNG,색,Noun
162,되,VV,해,XSV+EC,이며,Josa
163,지,EC,봤,VX+EP,모양,Noun
164,나,NP,다,EF,이며,Josa
165,는,JX,.,SF,..,Punctuation
166,아이들,NNP,특히,MAG,보들보들한,Adjective
167,과,JC,나,JX,아가,Noun
168,집,NNG,이곳,NP,손,Noun
169,에서,JKB,에,JKB,으로,Josa
170,미술,NNP,는,JX,감싸니,Verb
171,놀이,NNP,예쁜,VA+ETM,..,Punctuation
172,를,JKO,돌,NNG,따뜻해지는,Adjective
173,하,VV,과,JC,온기,Noun
174,ㄹ,ETM,조개껍데기,NNG,가,Josa
175,수,NNB,가,JKS,느껴졌다,Verb
176,있,VX,많,VA,.,Punctuation
177,는,ETM,았,EP,우리,Noun
178,여러,MM,고,EC,세,Modifier
179,재료,NNG,제법,MAG,아가,Noun
180,들,XSN,많,VA,들,Suffix
181,을,JKO,은,ETM,.,Punctuation
182,수집,NNP,양,NNG,그리고,Conjunction
183,하,VV,을,JKO,우리,Noun
184,아,EC,골라,VV+EC,둘,Noun
185,보,VV,왔,VX+EP,.,Punctuation
186,았,EP,다,EF,아프지,Adjective
187,다,EF,.,SF,않게,Verb
188,.,SF,어쩜,IC,좋은,Adjective
189,특히,MAG,이리,MAG,일,Noun
190,나,JX,고울까,VA+EF,.,Punctuation
191,이곳,NP,.,SF,행복한,Adjective
192,에,JKB,.,SY,일만,Noun
193,는,JX,색,NNG,생기길,Verb
194,예쁘,VA,이,VCP,..,Punctuation
195,ㄴ,ETM,며,EC,바다,Noun
196,돌,NNG,모양,NNG,를,Josa
197,과,JC,이,VCP,향,Noun
198,조개껍데기,NNG,며,EC,해,Verb
199,가,JKS,.,SF,돌,Noun
200,많,VA,.,SY,에게,Josa
201,았,EP,보들보들,MAG,빌어,Noun
202,고,EC,한,MM,본,Verb
203,제법,MAG,아가,NNG,.,Punctuation
204,많,VA,손,NNG,멀리,Noun
205,은,ETM,으로,JKB,빨간,Adjective
206,양,NNG,감싸,VV,등대,Noun
207,을,JKO,니,EF,와,Josa
208,고르,VV,.,SF,하얀,Adjective
209,아,EC,.,SY,등대,Noun
210,오,VX,따뜻,XR,가,Josa
211,았,EP,해,XSA+EC,보이,Noun
212,다,EF,지,VX,고,Josa
213,.,SF,는,ETM,..,Punctuation
214,어쩜,MAG,온기,NNG,이,Noun
215,이리,MAG,가,JKS,등대,Noun
216,곱,VA,느껴졌,VV+EC+VX+EP,들,Suffix
217,ㄹ까,EF,다,EF,도,Josa
218,.,SF,.,SF,이름,Noun
219,.,SF,우리,NP,이,Josa
220,색,NNG,세,MM,있다,Adjective
221,이,VCP,아가,NNG,.,Punctuation
222,며,EC,들,XSN,빨간,Adjective
223,모양,NNG,.,SF,송이,Noun
224,이,VCP,그리고,MAJ,등대,Noun
225,며,EF,우리,NP,하얀,Adjective
226,.,SF,둘,NR,송이,Noun
227,.,SF,.,SF,등대,Noun
228,보,NNB,아프,VA,송이,Noun
229,들보,NNP,지,EC,버섯,Noun
230,들,XSN,않,VX,을,Josa
231,하,XSV,게,EC,닮아,Verb
232,ㄴ,ETM,좋,VA,붙혀진,Verb
233,아가,NNP,은,ETM,이름,Noun
234,손,NNG,일,NNG,이라고,Josa
235,으로,JKB,.,SY,한다,Verb
236,감싸,VV,행복,NNG,.,Punctuation
237,니,EF,한,XSA+ETM,넘나,Verb
238,.,SF,일,NNG,이쁜것,Adjective
239,.,SF,만,JX,하얀,Adjective
240,따뜻,XR,생기,VV,송이,Noun
241,하,XSA,길,ETN+JKO,등대,Noun
242,아,EC,.,SF,까지는,Josa
243,지,VX,.,SY,거리,Noun
244,는,ETM,바다,NNG,가,Josa
245,온기,NNG,를,JKO,가까웠고,Adjective
246,가,JKS,향해,VV+EC,",",Punctuation
247,느끼,VV,돌,NNG,낚시,Noun
248,어,EC,에게,JKB,하시는,Verb
249,지,VX,빌,VV,분,Noun
250,었,EP,어,EC,들,Suffix
251,다,EF,본,VX+ETM,이,Josa
252,.,SF,.,SF,많아,Adjective
253,우리,NP,멀리,MAG,빨간,Adjective
254,세,MM,빨간,VA+ETM,송이,Noun
255,아가,NNP,등대,NNG,등대,Noun
256,들,XSN,와,JKB,로,Josa
257,.,SF,하얀,VA+ETM,가보기,Verb
258,그리고,MAJ,등대,NNG,.,Punctuation
259,우리,NP,가,JKS,가는,Verb
260,둘,NR,보이,VV,길,Noun
261,.,SF,고,EC,에,Josa
262,아프,VA,.,SF,보이는,Verb
263,지,EC,.,SY,물치항,Noun
264,않,VX,이,MM,회,Noun
265,게,EC,등대,NNG,센터,Noun
266,좋,VA,들,XSN,오늘,Noun
267,은,ETM,도,JX,점심,Noun
268,일,NNB,이름,NNG,은,Josa
269,.,SF,이,JKS,저기,Noun
270,행복,NNG,있,VA,다,Josa
271,하,XSV,다,EF,블로그,Noun
272,ㄴ,ETM,.,SF,를,Josa
273,일,NNB,빨간,VA+ETM,수,Modifier
274,만,JX,송이,NNG,소문,Noun
275,생기,VV,등대,NNG,해,Noun
276,기,ETN,하,XSV,보니,Verb
277,ㄹ,JKO,얀,EC,가성,Noun
278,.,SF,송이,NNG,비,Noun
279,.,SF,등,NNB,좋다는,Adjective
280,바다,NNG,대,XPN,글,Noun
281,를,JKO,송이,NNG,이,Josa
282,향하,VV,버섯,NNG,있었고,Adjective
283,아,EC,을,JKO,..,Punctuation
284,돌,NNG,닮,VV,사실,Noun
285,에게,JKB,아,EC,",",Punctuation
286,빌어,NNP,붙혀,VV+EC,유명한,Adjective
287,본,NNG,진,VX+ETM,대포항,Noun
288,.,SF,이름,NNG,..,Punctuation
289,멀리,MAG,이,VCP,등등,Noun
290,빨갛,VA,라고,EC,많지만,Adjective
291,ㄴ,ETM,한다,VX+EF,가격,Noun
292,등대,NNP,.,SF,이,Josa
293,와,JC,넘,VV,사악하거나,Adjective
294,하얗,VA,나,EC,낚시질,Noun
295,ㄴ,ETM,이쁜,VA+ETM,당,Modifier
296,등대,NNP,것,NNB,한적,Noun
297,가,JKS,하얀,VA+ETM,이,Josa
298,보이,VV,송이,NNG,많아서,Adjective
299,고,EF,등대,NNG,..,Punctuation
300,.,SF,까지,JX,별로,Noun
301,.,SF,는,JX,가고,Verb
302,이,MM,거리,NNG,싶지,Verb
303,등대,NNP,가,JKS,않은데,Verb
304,들,XSN,가까웠,VA+EP,이,Noun
305,도,JX,고,EC,곳,Noun
306,이름,NNG,",",SC,을,Josa
307,이,JKS,낚시,NNG,얼떨결,Noun
308,있,VX,하,XSV,에,Josa
309,다,EF,시,EP,지나가다,Verb
310,.,SF,는,ETM,보게,Verb
311,빨갛,VA,분,NNB,되니,Verb
312,ㄴ,ETM,들,XSN,참으로,Noun
313,송이,NNP,이,JKS,반가운,Adjective
314,등대,NNP,많,VA,마음,Noun
315,하얗,VA,아,EC,..,Punctuation
316,ㄴ,ETM,빨간,VA+ETM,그렇게,Adverb
317,송이,NNP,송이,NNG,멀리,Noun
318,등대,NNP,등,NNB,보이는,Verb
319,송이,NNP,대로,JKB,빨간,Adjective
320,버섯,NNP,가,VV+EC,등대,Noun
321,을,JKO,보,VX,를,Josa
322,닮,VV,기,ETN,향,Noun
323,아,EC,.,SF,해,Verb
324,붙,VV,가,VV,풍경,Noun
325,혀,VV,는,ETM,을,Josa
326,지,EC,길,NNG,벗,Noun
327,ㄴ,JX,에,JKB,삼아,Verb
328,이름,NNG,보이,VV,걷기,Noun
329,이,VCP,는,ETM,힘들다는,Adjective
330,라고,EC,물치항,NNP,두,Determiner
331,하,VX,회,NNG,딸,Noun
332,ㄴ다,EF,센터,NNG,을,Josa
333,.,SF,오늘,NNG,등,Noun
334,넘,VV,점심,NNG,에,Josa
335,나,EC,은,JX,업고,Verb
336,이쁘,VA,저기,NP,떠나는,Verb
337,ㄴ,ETM,다,JX,아버지,Noun
338,것,NNB,블로그,NNG,는,Josa
339,하얗,VA,를,JKO,대단하지요,Adjective
340,ㄴ,ETM,수소문,NNG,..,Punctuation
341,송이,NNP,해,XSV+EC,체력,Noun
342,등대,NNP,보,VX,좋은,Adjective
343,까지,JX,니,EC,아들,Noun
344,는,JX,가,JKS,은,Josa
345,거리,NNG,성비,NNG,이미,Adverb
346,가,JKS,좋,VA,등대,Noun
347,가깝,VA,다는,ETM,앞,Noun
348,었,EP,글,NNG,에서,Josa
349,고,EC,이,JKS,우리,Noun
350,",",SP,있,VA,를,Josa
351,낚시,NNG,었,EP,기다린다는,Verb
352,하,XSV,고,EC,사실,Noun
353,시,EP,.,SF,..,Punctuation
354,는,ETM,.,SY,나이,Noun
355,분,NNB,사실,MAG,가,Josa
356,들,XSN,",",SC,아닌,Adjective
357,이,JKS,유명,NNG,체력,Noun
358,많,VA,한,MM,이,Josa
359,아,EC,대,NNBC,..,Punctuation
360,빨갛,VA,포항,NNP,그냥,Noun
361,ㄴ,ETM,.,SF,좋다는,Adjective
362,송이,NNP,.,SY,사실,Noun
363,등,NNB,등등,NNB,.,Punctuation
364,대로,JX,많,VA,빨간,Adjective
365,가,XPN,지만,EC,등대,Noun
366,보기,NNP,가격,NNG,가,Josa
367,.,SF,이,JKS,보이,Noun
368,가,VV,사악,XR,고,Josa
369,는,ETM,하,XSA,..,Punctuation
370,길,NNG,거나,EC,곳곳,Noun
371,에,JKB,낚시질,NNG,에는,Josa
372,보이,VV,당한,XSV+ETM,낚시,Noun
373,는,ETM,적,NNB,를,Josa
374,물치항,NNP,이,JKS,하는,Verb
375,회,NNB,많,VA,사람,Noun
376,센터,NNP,아서,EC,들,Suffix
377,오늘,NNG,.,SF,이,Josa
378,점심,NNG,.,SY,많아서,Adjective
379,은,JX,별로,MAG,사진,Noun
380,저기,NP,가,VV,을,Josa
381,다,JX,고,EC,찍으려,Verb
382,블로그,NNP,싶,VX,하면,Verb
383,를,JKO,지,EC,자꾸,Noun
384,수소문,NNG,않,VX,보이는,Verb
385,하,VV,은데,EC,낯선,Noun
386,아,EC,이,MM,사람,Noun
387,보니,NNP,곳,NNG,들,Suffix
388,가,XPN,을,JKO,.,Punctuation
389,성비,NNP,얼떨결,NNG,결국,Adverb
390,좋,VA,에,JKB,셀카,Noun
391,다는,ETM,지나가,VV,봉,Noun
392,글,NNG,다,EC,으로,Josa
393,이,JKS,보,VX,빠르게,Adjective
394,있,VX,게,EC,찍었당,Verb
395,었,EP,되,VV,귀,Modifier
396,고,EF,니,EC,욥,Noun
397,.,SF,참으로,MAG,게,Josa
398,.,SF,반가운,VA+ETM,메,Noun
399,사실,NNG,마음,NNG,롱샷,Noun
400,",",SP,.,SF,으로,Josa
401,유명,XR,.,SY,찍은,Verb
402,하,XSA,그렇게,MAG,5,Number
403,ㄴ,ETM,멀리,MAG,인,Noun
404,대포항,NNP,보이,VV,가족,Noun
405,..,SE,는,ETM,카메라,Noun
406,등등,NNB,빨간,VA+ETM,가,Josa
407,많,VA,등대,NNG,늘,Noun
408,지만,EC,를,JKO,꽉차는,Verb
409,가격,NNG,향해,VV+EC,우리,Noun
410,이,JKS,풍경,NNG,..;;,Punctuation
411,사악,NNG,을,JKO,가족사진,Noun
412,하,XSV,벗,NNG,대,Modifier
413,거나,EC,삼,VV,방출,Noun
414,낚시,NNG,아,EC,이네,Josa
415,질,XSN,걷,VV,..;;,Punctuation
416,당하,XSV,기,ETN,이제,Noun
417,ㄴ,ETM,힘들,VA,회,Noun
418,적,XSN,다는,ETM,를,Josa
419,이,JKS,두,MM,좀,Noun
420,많,VA,딸,NNG,보자구요,Verb
421,아서,EF,을,JKO,..,Punctuation
422,.,SF,등,NNG,빨간,Adjective
423,.,SF,에,JKB,송이,Noun
424,별로,MAG,업,VV,등대,Noun
425,가,VV,고,EC,로,Josa
426,고,EC,떠나,VV,가는,Verb
427,싶,VX,는,ETM,초입,Noun
428,지,EC,아버지,NNG,길,Noun
429,않,VX,는,JX,에,Josa
430,은데,EC,대단,XR,연결,Noun
431,이,MM,하,XSA,되어있는,Verb
432,곳,NNG,지요,EF,회,Noun
433,을,JKO,.,SF,센터,Noun
434,얼떨결,NNG,.,SY,.,Punctuation
435,에,JKB,체력,NNG,대포항,Noun
436,지나가,VV,좋,VA,처럼,Noun
437,다,EC,은,ETM,엄청,Adverb
438,보,VV,아들,NNG,큰,Verb
439,게,EC,은,JX,회,Noun
440,되,VV,이미,MAG,센터,Noun
441,니,EC,등대,NNG,는,Josa
442,참으로,MAG,앞,NNG,아니지만,Adjective
443,반갑,VA,에서,JKB,1,Number
444,ㄴ,ETM,우리,NP,층,Noun
445,마음,NNG,를,JKO,2,Number
446,.,SF,기다린다,VV+EC,층,Noun
447,.,SF,는,JX,으로,Josa
448,그렇,VA,사실,MAG,포장,Noun
449,게,EC,.,SF,도,Josa
450,멀리,MAG,.,SY,되고,Verb
451,보이,VV,나이,NNG,바다,Noun
452,는,ETM,가,JKC,전망,Noun
453,빨갛,VA,아닌,VCN+ETM,으로,Josa
454,ㄴ,ETM,체력,NNG,회,Noun
455,등대,NNP,이,JKS,를,Josa
456,를,JKO,.,SF,떠서,Verb
457,향하,VV,.,SY,바로,Noun
458,아,EC,그냥,MAG,맛,Noun
459,풍경,NNG,좋,VA,볼,Noun
460,을,JKO,다는,ETM,수도,Noun
461,벗,NNG,사실,MAG,있다,Adjective
462,삼,VV,.,SF,.,Punctuation
463,아,EC,빨간,VA+ETM,우리,Noun
464,걷기,NNP,등대,NNG,는,Josa
465,힘들,VA,가,JKS,입실,Noun
466,다는,ETM,보이,VV,시간,Noun
467,두,MM,고,EC,이,Josa
468,딸,NNG,.,SF,되어,Verb
469,을,JKO,.,SY,회,Noun
470,등,NNB,곳곳,NNG,를,Josa
471,에,JKB,에,JKB,포장,Noun
472,업,VV,는,JX,해서,Verb
473,고,EC,낚시,NNG,가기,Noun
474,떠나,VV,를,JKO,로,Josa
475,는,ETM,하,VV,했다,Verb
476,아버지,NNG,는,ETM,.,Punctuation
477,는,JX,사람,NNG,2,Number
478,대단,XR,들,XSN,층,Noun
479,하,XSA,이,JKS,연희,Noun
480,지요,EF,많,VA,네,Determiner
481,.,SF,아서,EC,횟집,Noun
482,.,SF,사진,NNG,010-7671,Number
483,체력,NNP,을,JKO,-,Punctuation
484,좋,VA,찍,VV,5610/033,Number
485,은,ETM,으려,EC,-,Punctuation
486,아들,NNG,하,VV,671-2649,Number
487,은,JX,면,EC,싱싱해,Adjective
488,이미,MAG,자꾸,MAG,보이는,Verb
489,등대,NNP,보이,VV,횟감,Noun
490,앞,NNG,는,ETM,.,Punctuation
491,에서,JKB,낯선,VA+ETM,우리,Noun
492,우리,NP,사람,NNG,는,Josa
493,를,JKO,들,XSN,우럭,Noun
494,기다리,VV,.,SF,中,Foreign
495,ㄴ다는,ETM,결국,MAG,+,Punctuation
496,사실,NNG,셀카,NNG,광어,Noun
497,.,SF,봉,NNG,中,Foreign
498,.,SF,으로,JKB,+,Punctuation
499,나이,NNG,빠르,VA,오징어,Noun
500,가,JKS,게,EC,1,Number
501,아니,VCN,찍,VV,+,Punctuation
502,ㄴ,ETM,었,EP,멍게,Noun
503,체력,NNP,당,XSN,2,Number
504,이,JKS,귀,NNG,+,Punctuation
505,..,SE,욥,NNG,쥐치,Noun
506,그냥,MAG,게,NNB+JKS,1,Number
507,좋,VA,메롱,IC,이렇게,Adverb
508,다는,ETM,샷,NNG,포장,Noun
509,사실,NNG,으로,JKB,을,Josa
510,.,SF,찍,VV,해서,Verb
511,빨갛,VA,은,ETM,5만원,Number
512,ㄴ,ETM,5,SN,.,Punctuation
513,등대,NNP,인,NNG,횟집,Noun
514,가,JKS,가족,NNG,에서,Josa
515,보이,VV,카메라,NNG,포장,Noun
516,고,EF,가,JKS,해,Verb
517,.,SF,늘,MAG,오는것,Verb
518,.,SF,꽉,MAG,보다,Verb
519,곳곳,NNG,차,NNG,싸다,Verb
520,에,JKB,는,JX,둘,Noun
521,는,JX,우리,NP,이,Josa
522,낚시,NNG,.,SF,먹는데,Verb
523,를,JKO,.;;,SY,양,Noun
524,하,VV,가족,NNG,이,Josa
525,는,ETM,사진,NNG,많아서,Adjective
526,사람,NNG,대,XPN,남았다는,Verb
527,들,XSN,방출,NNG,..;;,Punctuation
528,이,JKS,이,VCP,성인,Noun
529,많,VA,네,EF,3,Number
530,아서,EC,.,SF,명,Noun
531,사진,NNG,.;;,SY,배,Noun
532,을,JKO,이제,MAG,불리,Noun
533,찍,VV,회,NNG,먹을,Verb
534,으려,EC,를,JKO,수,Noun
535,하,VX,좀,MAG,있는,Adjective
536,면,EC,보,VV,양,Noun
537,자꾸,MAG,자구요,EF,이다,Josa
538,보이,VV,.,SF,.,Punctuation
539,는,ETM,.,SY,가성,Noun
540,낯선 사람,NNP,빨간,VA+ETM,비,Noun
541,들,XSN,송이,NNG,좋구요,Adjective
542,.,SF,등,NNB,맛,Noun
543,결국,MAG,대로,JKB,만,Josa
544,셀카봉,NNP,가,VV,있음,Adjective
545,으로,JKB,는,ETM,100,Number
546,빠르,VA,초입,NNG,점,Noun
547,게,EC,길,NNG,만점,Noun
548,찍,VV,에,JKB,.,Punctuation
549,었,EP,연결,NNG,쌈,Noun
550,당,NNG,되,XSV,을,Josa
551,귀,NNG,어,EC,3천원,Number
552,욥,NNP,있,VX,에,Foreign
553,게,NNG,는,ETM,추가,Noun
554,메,NNG,회,NNG,로,Noun
555,롱샷,NNP,센터,NNG,사왔는데,Verb
556,으로,JKB,.,SY,쌈,Noun
557,찍,VV,대포항,NNP,조차도,Josa
558,은,ETM,처럼,JKB,너무,Adverb
559,5,SN,엄청,MAG,신선하고,Adjective
560,이,VCP,큰,VA+ETM,맘,Noun
561,ㄴ,ETM,회,NNG,에,Josa
562,가족,NNG,센터,NNG,들었다는,Verb
563,카메라,NNG,는,JX,그렇게,Adverb
564,가,JKS,아니,VCN,우리,Noun
565,늘,MAG,지만,EC,의,Josa
566,꽉,MAG,1,SN,두번째,Noun
567,차,VV,층,NNG,밤,Noun
568,는,ETM,2,SN,.,Punctuation
569,우리,NP,층,NNG,롯데,Noun
570,..,SE,으로,JKB,리조트,Noun
571,;,SP,포장,NNG,속초,Noun
572,;,SP,도,JX,에서,Josa
573,가족사진,NNP,되,VV,.,Punctuation
574,대,XPN,고,EC,(,Punctuation
575,방출,NNG,바다,NNG,롯데,Noun
576,이,VCP,전망,NNG,리조트,Noun
577,네,EF,으로,JKB,포스팅,Noun
578,.,SF,회,NNG,은,Josa
579,.,SF,를,JKO,▼,Foreign
580,;,SP,떠서,VV+EC,참고,Noun
581,;,SP,바로,MAG,),Punctuation
582,이제,MAG,맛,NNG,체크,Noun
583,회,NNB,볼,VV+ETM,인,Josa
584,를,JKO,수,NNB,후,Noun
585,좀,MAG,도,JX,회,Noun
586,보,VX,있,VA,를,Josa
587,자구요,EF,다,EF,먹기,Noun
588,.,SF,.,SF,위해,Noun
589,.,SF,우리,NP,식탁,Noun
590,빨갛,VA,는,JX,셋팅,Noun
591,ㄴ,ETM,입실,NNG,침,Noun
592,송이,NNP,시간,NNG,흘리며,Verb
593,등,NNB,이,JKS,셋팅,Noun
594,대로,JX,되,VV,을,Josa
595,가,VV,어,EC,했다,Verb
596,는,ETM,회,NNG,.,Punctuation
597,초입,NNG,를,JKO,하하,Noun
598,길,NNG,포장,NNG,하,Suffix
599,에,JKB,해서,XSV+EC,.,Punctuation
600,연결,NNG,가,VX,아이,Noun
601,되,XSV,기,ETN,들,Suffix
602,어,EC,로,JKB,밥,Noun
603,있,VX,했,VV+EP,따윈,Noun
604,는,ETM,다,EF,중요,Noun
605,회,NNB,.,SF,치,Noun
606,센터,NNP,2,SN,않을,Verb
607,.,SF,층,NNG,정도,Noun
608,대포항,NNP,연희,NNP,로,Josa
609,처럼,JKB,네,XSN,내,Noun
610,엄청,MAG,횟집,NNG,가,Josa
611,크,VA,010,SN,좋아하는,Adjective
612,ㄴ,ETM,-,SY,멍게,Noun
613,회,NNB,7671,SN,는,Josa
614,센터,NNP,-,SY,진짜,Noun
615,는,JX,5610,SN,..,Punctuation
616,아니,VCN,/,SC,모든,Noun
617,지만,EC,033,SN,회,Noun
618,1,SN,-,SY,가,Josa
619,층,NNG,671,SN,다,Adverb
620,2,SN,-,SY,쫄깃,Noun
621,층,XSN,2649,SN,하고,Josa
622,으로,JKB,싱싱,XR,부드러웠으며,Adjective
623,포장,NNP,해,XSA+EC,싱싱했다,Adjective
624,도,JX,보이,VV,.,Punctuation
625,되,VV,는,ETM,쥐치,Noun
626,고,EC,횟감,NNG,는,Josa
627,바다,NNG,.,SF,처음,Noun
628,전망,NNG,우리,NP,먹어,Verb
629,으로,JKB,는,JX,봤는데,Verb
630,회,NNB,우럭,NNG,씹히는,Verb
631,를,JKO,中,NNG,맛,Noun
632,뜨,VV,+,SY,이,Josa
633,어서,EC,광어,NNG,일품,Noun
634,바로,MAG,中,NNG,이,Josa
635,맛,NNG,+,SY,더,Noun
636,보,VV,오징어,NNG,라는,Josa
637,ㄹ,ETM,1,SN,.,Punctuation
638,수,NNB,+,SY,깨끗히,Adjective
639,도,JX,멍게,NNG,잘,Verb
640,있,VX,2,SN,씻어진,Verb
641,다,EF,+,SY,채소,Noun
642,.,SF,쥐치,NNG,상추,Noun
643,우리,NP,1,SN,가,Josa
644,는,JX,이렇게,MAG,특이했다,Adjective
645,입시,NNG,포장,NNG,.,Punctuation
646,ㄹ,JKO,을,JKO,모든,Noun
647,시간,NNG,해서,VV+EC,회,Noun
648,이,JKS,5,SN,가,Josa
649,되,VV,만,NR,다,Adverb
650,어,EC,원,NNBC,맛있었고,Adjective
651,회,NNB,.,SF,재,Noun
652,를,JKO,횟집,NNG,방문,Noun
653,포장,NNG,에서,JKB,100%,Number
654,하,XSV,포장,NNG,탕탕,Adverb
655,아서,EC,해,XSV+EC,탕,Noun
656,가,VV,오,VV,때,Noun
657,기,ETN,는,ETM,묻지,Verb
658,로,JKB,것,NNB,않은,Verb
659,하,VV,보다,JKB,물치,Verb
660,았,EP,싸,VA,해수욕장,Noun
661,다,EF,다,EF,(,Punctuation
662,.,SF,둘,NR,물치,Verb
663,2,SN,이,JKS,해변,Noun
664,층,XSN,먹,VV,),Punctuation
665,연희,NNP,는데,EC,의,Noun
666,네,XSN,양,NNG,정취,Noun
667,횟집,NNG,이,JKS,.,Punctuation
668,010,SN,많,VA,양양,Noun
669,-,SW,아서,EC,의,Josa
670,7671,SN,남,VV,포토,Noun
671,-,SW,았,EP,스팟,Noun
672,5610,SN,다는,ETM,빨간,Adjective
673,/,SP,.,SF,등대,Noun
674,033,SN,.;;,SY,가,Josa
675,-,SW,성인,NNG,있는,Adjective
676,671,SN,3,SN,물치항,Noun
677,-,SW,명,NNBC,그리고,Conjunction
678,2649,SN,배불리,MAG,..,Punctuation
679,싱싱,XR,먹,VV,맛있는,Adjective
680,하,XSA,을,ETM,회,Noun
681,아,EC,수,NNB,를,Josa
682,보이,VV,있,VV,싸고,Verb
683,는,ETM,는,ETM,맛있게,Adjective
684,횟감,NNG,양,NNB,즐길,Verb
685,.,SF,이,VCP,수,Noun
686,우리,NP,다,EF,있던,Adjective
687,는,JX,.,SF,물치항,Noun
688,우럭,NNP,가,JKS,회,Noun
689,中,SH,성비,NNG,센터,Noun
690,+,SW,좋,VA,.,Punctuation
691,광어,NNG,구요,EF,변치않고,Verb
692,中,SH,맛,NNG,그대로,Noun
693,+,SW,만,JX,있어,Adjective
694,오징어,NNP,있,VX,주,Modifier
695,1,SN,음,ETN,려엄,Noun
696,+,SW,100,SN,물치,Verb
697,멍게,NNP,점,NNBC,해수욕장,Noun
698,2,SN,만점,NNG,강원도,Noun
699,+,SW,.,SY,양양군,Noun
700,쥐치,NNP,쌈,NNG,강현면,Noun
701,1,SN,을,JKO,정암,Noun
702,이렇,VA,3,SN,리,Noun
703,게,EC,천,NR,빨간,Adjective
704,포장,NNG,원,NNBC,송이,Noun
705,을,JKO,에,JKB,등대,Noun
706,하,VV,추가,NNG,강원도,Noun
707,아서,EC,로,JKB,양양군,Noun
708,5,SN,사,VV+EC,강현면,Noun
709,만원,NNP,왔,VX+EP,물치리,Verb
710,.,SF,는데,EC,물치항,Noun
711,횟집,NNG,쌈,NNG,활어회,Noun
712,에서,JKB,조차,JX,센,Verb
713,포장,NNG,도,JX,타,Noun
714,하,XSV,너무,MAG,강원도,Noun
715,아,EC,신선,XR,양양군,Noun
716,오,VV,하,XSA,강현면,Noun
717,는,ETM,고,EC,동해,Noun
718,것,NNB,맘,NNG,대로,Josa
719,보다,MAG,에,JKB,3584,Number
720,싸,VV,들,VV,물치항,Noun
721,다,EC,었,EP,회,Noun
722,둘,NR,다는,ETM,센터,Noun
723,이,JKS,그렇,VA,연희,Noun
724,먹,VV,게,EC,네,Determiner
725,는데,EC,우리,NP,횟집,Noun
726,양이,NNP,의,JKG,강원도,Noun
727,많,VA,두,MM,양양군,Noun
728,아서,EC,번,NNBC,강현면,Noun
729,남,VV,째,XSN,물치리,Verb
730,았,EP,밤,NNG,7-6,Number
731,다는,ETM,.,SY,,
732,..,SE,롯데,NNP,,
733,;,SP,리조트,NNG,,
734,;,SP,속초,NNG,,
735,성인,NNG,에서,JKB,,
736,3,SN,.,SY,,
737,명,NNB,(,SSO,,
738,배불리,MAG,롯데,NNP,,
739,먹,VV,리조트,NNG,,
740,을,ETM,포스팅,NNP,,
741,수,NNB,은,JX,,
742,있,VV,▼,SY,,
743,는,ETM,참고,NNG,,
744,양,NNB,),SSC,,
745,이,VCP,체크인,NNG,,
746,다,EF,후,NNG,,
747,.,SF,회,NNG,,
748,가,XPN,를,JKO,,
749,성비,NNP,먹,VV,,
750,좋,VA,기,ETN,,
751,구요,EC,위해,VV+EC,,
752,맛,NNG,식탁,NNG,,
753,만,JX,셋,NR,,
754,있,VV,팅,IC,,
755,음,ETN,침,NNG,,
756,100,SN,흘리,VV,,
757,점,NNB,며,EC,,
758,만점,NNG,셋,NR,,
759,.,SF,팅,IC,,
760,쌈,NNG,을,JKO,,
761,을,JKO,했,VV+EP,,
762,3,SN,다,EF,,
763,천원,NNP,.,SF,,
764,에,JKB,하하하,IC,,
765,추가,NNG,.,SF,,
766,로,NNG,아이,NNG,,
767,사,VV,들,XSN,,
768,아,EC,밥,NNG,,
769,오,VX,따윈,NNB+JX,,
770,았,EP,중요,XR,,
771,는데,EC,치,XSA+EC,,
772,쌈,NNG,않,VX,,
773,조차,NNP,을,ETM,,
774,도,JX,정도,NNG,,
775,너무,MAG,로,JKB,,
776,신선,XR,내,NP,,
777,하,XSA,가,JKS,,
778,고,EC,좋,VA,,
779,맘,NNG,아,EC,,
780,에,JKB,하,VV,,
781,들,VV,는,ETM,,
782,었,EP,멍게,NNG,,
783,다는,ETM,는,JX,,
784,그렇,VA,진짜,MAG,,
785,게,EC,.,SF,,
786,우리,NP,.,SY,,
787,의,JKG,모든,MM,,
788,두,MM,회,NNG,,
789,번,NNB,가,JKS,,
790,째,XSN,다,MAG,,
791,밤,NNG,쫄깃,XR,,
792,.,SF,하,XSA,,
793,롯데,NNP,고,EC,,
794,리조트,NNP,부드러웠,VA+EP,,
795,속초,NNP,으며,EC,,
796,에서,JKB,싱싱,XR,,
797,.,SF,했,XSA+EP,,
798,(,SS,다,EF,,
799,롯데,NNP,.,SF,,
800,리조트,NNP,쥐치,NNG,,
801,포,NNG,는,JX,,
802,스팅,NNP,처음,MAG,,
803,은,JX,먹,VV,,
804,▼,SW,어,EC,,
805,참고,NNG,봤,VX+EP,,
806,),SS,는데,EC,,
807,체크인,NNG,씹히,VV,,
808,후,NNG,는,ETM,,
809,회,NNB,맛,NNG,,
810,를,JKO,이,JKS,,
811,먹,VV,일품,NNG,,
812,기,ETN,이,JKS,,
813,위하,VV,더,MAG,,
814,아,EC,라는,VCP+ETM,,
815,식탁,NNG,.,SF,,
816,셋팅,NA,깨끗히,MAG,,
817,침,NNG,잘,MAG,,
818,흘리,VV,씻,VV,,
819,며,EC,어,EC,,
820,셋팅을,NA,진,VX+ETM,,
821,하,VV,채소,NNG,,
822,았,EP,상추,NNG,,
823,다,EF,가,JKS,,
824,.,SF,특이,NNG,,
825,하하하,NNP,했,XSV+EP,,
826,.,SF,다,EF,,
827,아이들,NNP,.,SF,,
828,밥,NNG,모든,MM,,
829,따위,NNB,회,NNG,,
830,ㄴ,JX,가,JKS,,
831,중요,XR,다,MAG,,
832,하,XSA,맛있,VA,,
833,지,EC,었,EP,,
834,않,VX,고,EC,,
835,을,ETM,재,XPN,,
836,정도,NNG,방문,NNG,,
837,로,JKB,100,SN,,
838,내,NP,%,SY,,
839,가,JKS,탕탕탕,MAG,,
840,좋아하,VV,때,NNG,,
841,는,ETM,묻,VV,,
842,멍게,NNP,지,EC,,
843,는,JX,않,VX,,
844,진짜,NNG,은,ETM,,
845,.,SF,물치,NNG,,
846,.,SF,해수욕장,NNG,,
847,모든,MM,(,SSO,,
848,회,NNB,물치,NNG,,
849,가,JKS,해변,NNG,,
850,다,MAG,),SSC,,
851,쫄깃,XR,의,JKG,,
852,하,XSA,정취,NNG,,
853,고,EC,.,SY,,
854,부드럽,VA,양양,NNP,,
855,었,EP,의,JKG,,
856,으며,EC,포토,NNG,,
857,싱싱,XR,스팟,NNG,,
858,하,XSA,빨간,VA+ETM,,
859,었,EP,등대,NNG,,
860,다,EF,가,JKS,,
861,.,SF,있,VA,,
862,쥐치,NNP,는,ETM,,
863,는,JX,물치항,NNP,,
864,처음,NNG,그리고,MAJ,,
865,먹,VV,.,SF,,
866,어,EC,.,SY,,
867,보,VX,맛있,VA,,
868,았,EP,는,ETM,,
869,는데,EC,회,NNG,,
870,씹히,VV,를,JKO,,
871,는,ETM,싸,VV,,
872,맛,NNG,고,EC,,
873,이,JKS,맛있,VA,,
874,일품,NNG,게,EC,,
875,이,VCP,즐길,VV+ETM,,
876,더라는,ETM,수,NNB,,
877,.,SF,있,VV,,
878,깨끗히,NA,던,ETM,,
879,잘,MAG,물치항,NNP,,
880,씻,VV,회,NNG,,
881,어,EC,센터,NNG,,
882,지,VX,.,SF,,
883,ㄴ,ETM,변치,VV+EC,,
884,채소,NNP,않,VX,,
885,상추,NNP,고,EC,,
886,가,JKS,그대로,MAG,,
887,특이,XR,있,VV,,
888,하,XSA,어,EC,,
889,었,EP,주,VX,,
890,다,EF,려,EC,,
891,.,SF,엄,IC,,
892,모든,MM,물치,NNG,,
893,회,NNB,해수욕장,NNG,,
894,가,JKS,강원도,NNP,,
895,다,MAG,양양군,NNP,,
896,맛있,VA,강현면,NNP,,
897,었,EP,정암리,NNP,,
898,고,EC,빨간,VA+ETM,,
899,재,XPN,송이,NNG,,
900,방문,NNG,등,NNB,,
901,100,SN,대,XPN,,
902,%,SW,강원도,NNP,,
903,탕탕탕,MAG,양양군,NNP,,
904,때,NNG,강현면,NNP,,
905,묻,VV,물치리,NNP,,
906,지,EC,물치항,NNP,,
907,않,VX,활어,NNG,,
908,은,ETM,회,NNG,,
909,물,NNG,센타,NNP,,
910,치,NNB,강원도,NNP,,
911,해수욕장,NNP,양양군,NNP,,
912,(,SS,강현면,NNP,,
913,물,NNG,동해,NNP,,
914,치,NNB,대로,JKB,,
915,해변,NNP,3584,SN,,
916,),SS,물치항,NNP,,
917,의,JKG,회,NNG,,
918,정취,NNG,센터,NNG,,
919,.,SF,연희,NNP,,
920,양양,NNP,네,XSN,,
921,의,JKG,횟집,NNG,,
922,포토,NNG,강원도,NNP,,
923,스팟,NNP,양양군,NNP,,
924,빨갛,VA,강현면,NNP,,
925,ㄴ,ETM,물치리,NNP,,
926,등대,NNP,7,SN,,
927,가,JKS,-,SY,,
928,있,VV,6,SN,,
929,는,ETM,,,,
930,물치항,NNP,,,,
931,그리고,MAJ,,,,
932,..,SE,,,,
933,맛있,VA,,,,
934,는,ETM,,,,
935,회,NNB,,,,
936,를,JKO,,,,
937,싸,VV,,,,
938,고,EC,,,,
939,맛있,VA,,,,
940,게,EC,,,,
941,즐기,VV,,,,
942,ㄹ,ETM,,,,
943,수,NNB,,,,
944,있,VX,,,,
945,던,ETM,,,,
946,물치항,NNP,,,,
947,회,NNB,,,,
948,센터,NNP,,,,
949,.,SF,,,,
950,변하,VV,,,,
951,지,EC,,,,
952,않,VX,,,,
953,고,EC,,,,
954,그대로,MAG,,,,
955,있,VV,,,,
956,어,EC,,,,
957,주,VX,,,,
958,려,EC,,,,
959,엄,NNG,,,,
960,물,NNG,,,,
961,치,NNB,,,,
962,해수욕장,NNP,,,,
963,강원도,NNP,,,,
964,양양군,NNP,,,,
965,강현면,NNP,,,,
966,정암리,NNP,,,,
967,빨갛,VA,,,,
968,ㄴ,ETM,,,,
969,송이,NNP,,,,
970,등대,NNP,,,,
971,강원도,NNP,,,,
972,양양군,NNP,,,,
973,강현면,NNP,,,,
974,물,NNG,,,,
975,치,XSN,,,,
976,리,NNB,,,,
977,물치항,NNP,,,,
978,활어,NNG,,,,
979,회,NNG,,,,
980,센타,NNG,,,,
981,강원도,NNP,,,,
982,양양군,NNP,,,,
983,강현면,NNP,,,,
984,동해대로,NNP,,,,
985,3584,SN,,,,
986,물치항,NNP,,,,
987,회,NNB,,,,
988,센터,NNP,,,,
989,연희,NNP,,,,
990,네,XSN,,,,
991,횟집,NNG,,,,
992,강원도,NNP,,,,
993,양양군,NNP,,,,
994,강현면,NNP,,,,
995,물,NNG,,,,
996,치,XSN,,,,
997,리,NNB,,,,
998,7,SN,,,,
999,-,SW,,,,
1000,6,SN,,,,
